Product,Rating,MRP,Offer_Price,Discount,Reviews,Brand,Discounted_Price
boAt Airdopes 131 with upto 60 Hours and ASAP Charge Bl...,4,2990.0,1299.0,56% off,"(12,58,071)",boAt,1691.0
boAt Airdopes 131 with upto 60 Hours and ASAP Charge Bl...,4,2990.0,1299.0,56% off,"(12,58,071)",boAt,1691.0
"Noise Buds VS102 with 14 Hours Playtime, 11mm Driver, I...",4.1,2999.0,1099.0,63% off,"(2,30,494)",Noise,1900.0
OPPO Enco Buds 2 with 28 hours Battery life & Deep Nois...,4.2,3999.0,1999.0,50% off,"(47,856)",OPPO,2000.0
"boAt Airdopes 161 with ASAP Charge, 10mm Drivers and 17...",4.1,2490.0,1399.0,43% off,"(2,46,850)",boAt,1091.0
Digiwins BTH F9 Pro Earbuds Upto 300Hrs Playtime With 2...,4.7,7999.0,799.0,90% off,(6),Digiwins,7200.0
"boAt Immortal 121 with Beast Mode(40ms Low Latency),RGB...",4.1,3499.0,1699.0,51% off,"(2,627)",boAt,1800.0
"boAt Airdopes 192 with Beast Mode(40ms), 30 Hours Playb...",4.2,3599.0,1899.0,47% off,(818),boAt,1700.0
FD1 S_S L21 Wireless bluetooth headphone Waterproof Ste...,3.7,1299.0,491.0,62% off,"(25,711)",FD1,808.0
Highnotes M19 Earbuds/TWS/buds 5.1 Earbuds with 280H Pl...,4.1,7999.0,749.0,90% off,(41),Highnotes,7250.0
boAt Airdopes 163 Bluetooth Headset,4.1,2490.0,1399.0,43% off,"(2,46,850)",boAt,1091.0
"Boult Audio AirBass Z40 with ZEN ENC Mic, 60H Playtime,...",4.2,4999.0,1499.0,70% off,"(5,053)",Boult,3500.0
OPPO Enco Buds 2 with 28 Hours Playback and AI Deep Noi...,4.2,3999.0,1799.0,55% off,"(47,856)",OPPO,2200.0
boAt Airdopes 163 Bluetooth Headset,4.1,2490.0,1399.0,43% off,"(2,46,850)",boAt,1091.0
"Noise Buds VS102 Plus with 36 Hours Playtime, Instachar...",4,3999.0,1599.0,60% off,"(24,529)",Noise,2400.0
realme Techlife Buds T100 with up to 28 Hours Playback ...,4.3,2999.0,1699.0,43% off,"(36,025)",realme,1300.0
OnePlus Nord Buds Bluetooth Headset,4.3,2999.0,2799.0,6% off,"(65,067)",OnePlus,200.0
Digiwins M19 Earbuds Upto 300 Hrs Playtime With 2000 mA...,4.5,7999.0,799.0,90% off,(17),Digiwins,7200.0
"boAt Airdopes 131 PRO with 11mm Drivers,45Hrs Playback,...",3.9,2990.0,1299.0,56% off,"(84,037)",boAt,1691.0
HOPPUP GRAND With Power Bank Function & Upto 75 Hours P...,3.9,2999.0,799.0,73% off,"(61,412)",HOPPUP,2200.0
HOPPUP GRAND With Power Bank Function & Upto 75 Hours P...,3.9,2999.0,799.0,73% off,"(61,412)",HOPPUP,2200.0
Seashot M19 Earbuds/TWS/buds 5.1 Earbuds with 280H Play...,3.3,2999.0,690.0,76% off,(487),Seashot,2309.0
Tunifi BTH F9 Pro Earbuds Upto 48 Hours Playtime with A...,3.8,7999.0,799.0,90% off,(472),Tunifi,7200.0
Aroma NB140 Evolve 24 Hours* Playtime | Deep Bass | Mad...,3.7,1999.0,599.0,70% off,"(1,877)",Aroma,1400.0
"boAt Airdopes 100 with 50 Hours Playback, Quad Mics ENx...",3.9,4490.0,1399.0,68% off,"(8,734)",boAt,3091.0
"boAt Airdopes 131 PRO with 11mm Drivers,45Hrs Playback,...",3.9,2990.0,1299.0,56% off,"(84,037)",boAt,1691.0
realme Techlife Buds T100 with up to 28 Hours Playback ...,4.3,2999.0,1699.0,43% off,"(36,025)",realme,1300.0
Tunifi Earbuds F9 Upto 48 Hours Playback with Power-Ban...,,4999.0,599.0,88% off,,Tunifi,4400.0
"Wings Phantom 315 Earbuds with 40 hrs Battery Backup, E...",4.5,1999.0,899.0,55% off,(159),Wings,1100.0
OnePlus Nord Buds Bluetooth Headset,4.3,2999.0,2799.0,6% off,"(65,067)",OnePlus,200.0
"Boult Audio AirBass Z40 with ZEN ENC Mic, 60H Playtime,...",4.2,4999.0,1499.0,70% off,"(5,053)",Boult,3500.0
"DEFY GravityZ with upto 50 Hours Playback, 4 Mic ENC, 1...",4.1,2699.0,1099.0,59% off,"(15,588)",DEFY,1600.0
Boult Audio Airbass X50 Wireless Earphone / X50 Bluetoo...,4.1,4999.0,1499.0,70% off,"(13,568)",Boult,3500.0
OnePlus Nord Buds CE Truly Wireless Bluetooth Headset,4.1,2699.0,2299.0,14% off,"(32,462)",OnePlus,400.0
Boult Audio AirBass GearPods with 32H Playtime Bluetoot...,3.7,5999.0,1099.0,81% off,"(1,30,230)",Boult,4900.0
Aroma NB140 Evolve 24 Hours* Playtime | Deep Bass | Mad...,3.7,1999.0,599.0,70% off,"(1,877)",Aroma,1400.0
"truke BTG1 Earbuds with Game Mode, 48H Playtime, Quad M...",4,3499.0,1199.0,65% off,"(40,269)",truke,2300.0
DAYNEO TwsL21 Mini Wireless Bluetooth Headset / Earphon...,3.6,1999.0,498.0,75% off,"(41,657)",DAYNEO,1501.0
"boAt Airdopes Atom 83 with 50Hrs Playback, Quad Mics EN...",4,4490.0,1499.0,66% off,"(8,006)",boAt,2991.0
"boAt Immortal 121 with Beast Mode(40ms Low Latency),RGB...",4.1,3499.0,1699.0,51% off,"(2,627)",boAt,1800.0
"Boult Audio AirBass Y1 TWS Earbuds, 40H Playtime, Fast ...",4.1,5499.0,1399.0,74% off,"(89,162)",Boult,4100.0
"Boult Audio Airbass X45 with Quad Mic ENC, 40H Playtime...",4.2,4999.0,1499.0,70% off,"(4,090)",Boult,3500.0
boAt Airdopes 381 with upto 20 Hours Playback and ASAP ...,3.9,4990.0,1999.0,59% off,"(2,71,282)",boAt,2991.0
Boult Audio AirBass GearPods with 32H Playtime Bluetoot...,3.7,5999.0,1099.0,81% off,"(1,30,230)",Boult,4900.0
HOPPUP SYNC with Bluetooth 5.1 & Type C Fast Charging B...,3.9,1499.0,699.0,53% off,"(10,535)",HOPPUP,800.0
Tunifi Earbuds F9 Upto 48 Hours Playback with Power-Ban...,,4999.0,699.0,86% off,,Tunifi,4300.0
"DEFY GravityZ with upto 50 Hours Playback, 4 Mic ENC, 1...",4.1,2699.0,1099.0,59% off,"(15,588)",DEFY,1600.0
"Boult Audio Airbass Z35 with ZEN ENC Mic, 32H Playtime,...",4.1,2999.0,1299.0,56% off,"(8,665)",Boult,1700.0
"truke Air Buds Lite with Quad Mic ENC, 10mm Driver, Ear...",4,2999.0,1099.0,63% off,"(25,479)",truke,1900.0
"Wings Phantom 315 Earbuds with 40 hrs Battery Backup, E...",4.5,1999.0,899.0,55% off,(159),Wings,1100.0
"Wings X-Fire with 25 Hrs playtime Bluetooth5.3, 50ms lo...",4,3999.0,1599.0,60% off,"(11,743)",Wings,2400.0
Aroma NB140 Captain 24 Hours* Playtime | Deep Bass | Ma...,3.7,1999.0,599.0,70% off,"(1,512)",Aroma,1400.0
Tunifi Earbuds F9 Pro Upto 48 Hours Playback with Power...,2.6,4999.0,699.0,86% off,(5),Tunifi,4300.0
"Noise Buds VS202 with 13mm driver,Hyper Sync and Fast C...",3.7,3499.0,1299.0,62% off,"(35,143)",Noise,2200.0
"Boult Audio Airbass X45 with Quad Mic ENC, 40H Playtime...",4.2,4999.0,1499.0,70% off,"(4,090)",Boult,3500.0
Boult Audio Airbass X50 Wireless Earphone / X50 Bluetoo...,4.1,4999.0,1499.0,70% off,"(13,568)",Boult,3500.0
"Boult Audio Airbass Z35 with ZEN ENC Mic, 32H Playtime,...",4.1,2999.0,1299.0,56% off,"(8,665)",Boult,1700.0
OPPO Enco Buds With 24 hours Battery Life Bluetooth Hea...,4.1,3999.0,1699.0,57% off,"(1,16,376)",OPPO,2300.0
"PTron Basspods P481, 60Hrs Playtime, Deep Bass, ENC Ste...",4,3199.0,999.0,68% off,"(4,761)",PTron,2200.0
Aroma NB140 Evolve 24 Hours* Playtime | Deep Bass | Mad...,3.7,1999.0,599.0,70% off,"(1,877)",Aroma,1400.0
Earboss M19 Earbuds/TWS/buds 5.1 Earbuds with 280H Play...,3.7,7999.0,749.0,90% off,"(1,034)",Earboss,7250.0
Mivi DuoPods F60 ENC with 50+ Hrs Playtime| Made in Ind...,3.8,2999.0,1399.0,53% off,"(62,993)",Mivi,1600.0
"DEFY GravityZ with upto 50 Hours Playback, 4 Mic ENC, 1...",4.1,2699.0,1099.0,59% off,"(15,588)",DEFY,1600.0
"Noise Air Buds Mini with 15 Hours Playtime, Tru Bass Te...",3.9,2999.0,999.0,66% off,"(2,07,670)",Noise,2000.0
boAt Airdopes 131 with upto 60 Hours and ASAP Charge Bl...,4,2990.0,1299.0,56% off,"(12,58,071)",boAt,1691.0
"BHAVISHU New I7s WITH SMALL SIZE, SUPER LIGHTWEIGHT ear...",4.1,1299.0,375.0,71% off,(40),BHAVISHU,924.0
boAt Airdopes 131 with upto 60 Hours and ASAP Charge Bl...,4,2990.0,1299.0,56% off,"(12,58,071)",boAt,1691.0
Aroma NB140 Evolve 24 Hours* Playtime | Deep Bass | Mad...,3.7,1999.0,599.0,70% off,"(1,877)",Aroma,1400.0
Mivi DuoPods F40 with 50 Hrs Playtime I13mm Drivers|Mad...,3.8,2999.0,899.0,70% off,"(97,578)",Mivi,2100.0
realme Buds Q2 Neo with Environment Noise Cancellation ...,4,2499.0,1599.0,36% off,"(1,44,043)",realme,900.0
"Noise Buds VS102 with 14 Hours Playtime, 11mm Driver, I...",4.1,2999.0,1299.0,56% off,"(2,30,494)",Noise,1700.0
"Noise Air Buds Mini with 15 Hours Playtime, Tru Bass Te...",3.9,2999.0,999.0,66% off,"(2,07,670)",Noise,2000.0
"Boult Audio Airbass Z35 with ZEN ENC Mic, 32H Playtime,...",4.1,2999.0,1299.0,56% off,"(8,665)",Boult,1700.0
"boAt Airdopes 161 with ASAP Charge, 10mm Drivers and 17...",4.1,2490.0,1599.0,35% off,"(2,46,850)",boAt,891.0
boAt Airdopes 131 with upto 60 Hours and ASAP Charge Bl...,4,2990.0,1299.0,56% off,"(12,58,071)",boAt,1691.0
Aroma NB140 Captain 24 Hours* Playtime | Deep Bass | Ma...,3.7,1999.0,599.0,70% off,"(1,512)",Aroma,1400.0
"boAt Airdopes 100 with 50 Hours Playback, Quad Mics ENx...",3.9,4490.0,1399.0,68% off,"(8,734)",boAt,3091.0
"DEFY GravityZ with upto 50 Hours Playback, 4 Mic ENC, 1...",4.1,2699.0,1099.0,59% off,"(15,588)",DEFY,1600.0
Mivi DuoPods F40 with 50 Hrs Playtime I13mm Drivers|Mad...,3.8,2999.0,1199.0,60% off,"(97,578)",Mivi,1800.0
"boAt Airdopes 161 with ASAP Charge, 10mm Drivers and 17...",4.1,2490.0,1599.0,35% off,"(2,46,850)",boAt,891.0
"boAt Airdopes 191G with 6mm Dual Drivers, Quad Mics ENx...",4,3490.0,1799.0,48% off,"(25,120)",boAt,1691.0
Digiwins T2 Earbuds Upto 250 Hrs Playtime With 1500 mAh...,5,7999.0,499.0,93% off,(4),Digiwins,7500.0
"truke Buds S1 with Quad Mic ENC, 72 Hours Playtime, 10m...",4,3999.0,1399.0,65% off,"(55,381)",truke,2600.0
Boult Audio AirBass GearPods with 32H Playtime Bluetoot...,3.7,5999.0,1099.0,81% off,"(1,30,230)",Boult,4900.0
OnePlus Buds Z2 with Active Noise cancellation Bluetoot...,4.2,5999.0,4999.0,16% off,"(28,993)",OnePlus,1000.0
"boAt Airdopes 131 PRO with 11mm Drivers,45Hrs Playback,...",3.9,2990.0,1299.0,56% off,"(84,037)",boAt,1691.0
Mivi Duopods F30 with 42 hours battery Fast Charging TW...,3.9,2999.0,1087.0,63% off,"(1,72,344)",Mivi,1912.0
"Boult Audio Airbass Z35 with ZEN ENC Mic, 32H Playtime,...",4.1,2999.0,1299.0,56% off,"(8,665)",Boult,1700.0
"TXOR SENSO V 1.0 TWS EARBUDS, Bass+ 20 H Playtime & Fas...",3.6,1299.0,573.0,55% off,(971),TXOR,726.0
OnePlus Nord Buds Bluetooth Headset,4.3,2999.0,2799.0,6% off,"(65,067)",OnePlus,200.0
Aroma NB140 Captain 24 Hours* Playtime | Deep Bass | Ma...,3.7,1999.0,599.0,70% off,"(1,512)",Aroma,1400.0
Aroma NB140 Captain 24 Hours* Playtime | Deep Bass | Ma...,3.7,1999.0,599.0,70% off,"(1,512)",Aroma,1400.0
Tunifi M19 Earbuds Upto 48 Hours Playback with Power Ba...,3.8,7999.0,799.0,90% off,(796),Tunifi,7200.0
"boAt Airdopes 131 PRO with 11mm Drivers,45Hrs Playback,...",3.9,2990.0,1299.0,56% off,"(84,037)",boAt,1691.0
"boAt Airdopes 191G with 6mm Dual Drivers, Quad Mics ENx...",4,3490.0,1799.0,48% off,"(25,120)",boAt,1691.0
"Boult Audio Airbass Z35 with ZEN ENC Mic, 32H Playtime,...",4.1,2999.0,1299.0,56% off,"(8,665)",Boult,1700.0
"Wings Phantom 850 Earbuds with Game mode, 50 hrsPlaytim...",4.1,2999.0,1499.0,50% off,"(6,008)",Wings,1500.0
"Noise Air Buds Mini with 15 Hours Playtime, Tru Bass Te...",3.9,2999.0,999.0,66% off,"(2,07,670)",Noise,2000.0
"Noise Buds VS202 with 13mm driver,Hyper Sync and Fast C...",3.7,3499.0,1299.0,62% off,"(35,143)",Noise,2200.0
Boult Audio Airbass X50 Wireless Earphone / X50 Bluetoo...,4.1,4999.0,1499.0,70% off,"(13,568)",Boult,3500.0
Aroma NB132 Graph 48 Hours Playing Time TWS Earbuds Wit...,3.8,3499.0,879.0,74% off,"(2,213)",Aroma,2620.0
realme Buds Air 3S with Dual Device Pairing and 30hrs T...,4.2,4999.0,2499.0,50% off,"(1,478)",realme,2500.0
Met style True Wireless Earbuds Mini Bluetooth (Dual L/...,3.5,799.0,375.0,53% off,(209),Met,424.0
Aroma NB140 Evolve 24 Hours* Playtime | Deep Bass | Mad...,3.7,1999.0,599.0,70% off,"(1,877)",Aroma,1400.0
"Noise Buds VS202 with 13mm driver,Hyper Sync and Fast C...",3.7,3499.0,1299.0,62% off,"(35,143)",Noise,2200.0
SAMSUNG Galaxy Buds 2 Bluetooth Headset,4.4,13990.0,7999.0,42% off,"(5,338)",SAMSUNG,5991.0
realme Buds Air 3 with Fast Charge & Active Noise Cance...,4.2,5999.0,4199.0,30% off,"(42,290)",realme,1800.0
"Noise Air Buds Mini with 15 Hours Playtime, Tru Bass Te...",3.9,2999.0,999.0,66% off,"(2,07,670)",Noise,2000.0
"Wings Phantom 550 Earbuds with Low latency Game mode, 4...",4,2999.0,1299.0,56% off,"(8,810)",Wings,1700.0
Mivi Duopods F30 with 42 hours battery Fast Charging TW...,3.9,2999.0,899.0,70% off,"(1,72,344)",Mivi,2100.0
"Noise Buds VS202 with 13mm driver,Hyper Sync and Fast C...",3.7,3499.0,1299.0,62% off,"(35,143)",Noise,2200.0
Aroma NB140 Evolve 24 Hours* Playtime | Deep Bass | Mad...,3.7,1999.0,599.0,70% off,"(1,877)",Aroma,1400.0
OPPO Enco Air 2 Pro Bluetooth Headset,4.2,4999.0,3499.0,30% off,"(6,678)",OPPO,1500.0
"Boult Audio Maverick with Quad Mic ENC, 45ms Low Latenc...",4,4499.0,1599.0,64% off,"(4,751)",Boult,2900.0
Tunifi Earbuds F9 with Power-Bank Bluetooth Headset,4,4999.0,799.0,84% off,(24),Tunifi,4200.0
Tunifi F9 Earbuds Upto 48 Hours Playtime with ASAP Char...,3.8,7999.0,799.0,90% off,(414),Tunifi,7200.0
OPPO Enco Buds With 24 hours Battery Life Bluetooth Hea...,4.1,3999.0,1699.0,57% off,"(1,16,376)",OPPO,2300.0
Boult Audio AirBass GearPods with 32H Playtime Bluetoot...,3.7,5999.0,1099.0,81% off,"(1,30,230)",Boult,4900.0
"Boult Audio AirBass Y1 TWS Earbuds, 40H Playtime, Fast ...",4.1,5499.0,1399.0,74% off,"(89,162)",Boult,4100.0
"boAt Airdopes 161 with ASAP Charge, 10mm Drivers and 17...",4.1,2490.0,1599.0,35% off,"(2,46,850)",boAt,891.0
"truke Buds S1 with Quad Mic ENC, 72 Hours Playtime, 10m...",4,3999.0,1399.0,65% off,"(55,381)",truke,2600.0
OnePlus Buds Z2 with Active Noise cancellation Bluetoot...,4.2,5999.0,4999.0,16% off,"(28,993)",OnePlus,1000.0
"Wings Phantom 250 Earbuds with Game Mode, 40ms Low Late...",4,2999.0,1199.0,60% off,"(31,626)",Wings,1800.0
"Cosmic Byte CosmoBuds X200, BT 5.3, 40 Hrs, 38ms, GOD M...",4,8999.0,1499.0,83% off,(106),Cosmic,7500.0
"truke Buds Q1 with 30H Playtime, Quad Mic ENC, Game Mod...",4,3499.0,1299.0,62% off,"(65,685)",truke,2200.0
"PTron Basspods P481, 60Hrs Playtime, Deep Bass, ENC Ste...",4,3199.0,999.0,68% off,"(4,761)",PTron,2200.0
"Wings Phantom 860 Earbuds with Game mode, 50 hrsPlaytim...",4,2999.0,1499.0,50% off,"(3,615)",Wings,1500.0
Boult Audio AirBass Xpods TWS Earbuds with 20H Playtime...,3.9,4999.0,1298.0,74% off,"(1,37,753)",Boult,3701.0
"Wings Phantom 550 Earbuds with Low latency Game mode, 4...",4,2999.0,1299.0,56% off,"(8,810)",Wings,1700.0
Wings Phantom 700 Earbuds with 40ms Low Latency Game mo...,4.1,2999.0,899.0,70% off,(561),Wings,2100.0
"boAt Airdopes 161 with ASAP Charge, 10mm Drivers and 17...",4.1,2490.0,1599.0,35% off,"(2,46,850)",boAt,891.0
"Boult Audio Maverick with Quad Mic ENC, 45ms Low Latenc...",4,4499.0,1599.0,64% off,"(4,751)",Boult,2900.0
Wings Phantom earbuds with 50ms Low Latency Game mode B...,4,4999.0,1199.0,76% off,"(45,675)",Wings,3800.0
"truke Buds F1 with 38H Playtime, ENC, Instant Pairing, ...",3.9,2499.0,899.0,64% off,"(25,220)",truke,1600.0
"Noise Buds VS102 with 14 Hours Playtime, 11mm Driver, I...",4.1,2999.0,1298.0,56% off,"(2,30,494)",Noise,1701.0
"Mivi DuoPods F70 ENC with Quad Mic, 50+ Hrs Playtime| M...",4.1,2999.0,1494.0,50% off,"(38,219)",Mivi,1505.0
"Wings Phantom 850 Earbuds with Game mode, 50 hrsPlaytim...",4.1,2999.0,1499.0,50% off,"(6,008)",Wings,1500.0
"HOPPUP AirDoze D50 Earbuds with upto 50H Playtime, ENC,...",4,2999.0,899.0,70% off,"(1,646)",HOPPUP,2100.0
"Fire-Boltt Fire Pods Ninja Pro 401 Earbuds TWS, IWP, Su...",3.9,4999.0,1099.0,78% off,"(3,104)",Fire-Boltt,3900.0
Mivi DuoPods M30 earbuds with 42 hours of playtime | Ma...,3.7,2999.0,1199.0,60% off,"(66,145)",Mivi,1800.0
OnePlus Nord Buds CE Truly Wireless Bluetooth Headset,4.1,2699.0,2299.0,14% off,"(32,462)",OnePlus,400.0
Ashish General Stores M28 Earbuds/TWs/buds with 2000 MA...,3.3,2489.0,730.0,70% off,(490),Ashish,1759.0
Met style Twins Wireless Earbuds Mini Bluetooth V4.2 St...,3.5,1299.0,375.0,71% off,(37),Met,924.0
boAt Airdopes 411ANC with upto 17.5 Hours Playback and ...,3.9,4990.0,2499.0,49% off,"(16,590)",boAt,2491.0
Nine9 N9-Capsules Earbud 5.0 Wireless Earphones Bluetoo...,3.4,1999.0,487.0,75% off,(619),Nine9,1512.0
PRANSHU SHOPPE TWS L21 Pro Bluetooth 5.0 High Speed Con...,4,1299.0,499.0,61% off,(4),PRANSHU,800.0
"DigiClues Premium Series M88 with ENC HD+ Calling, Deep...",4.9,7999.0,499.0,93% off,(34),DigiClues,7500.0
Highnotes F9-5 Earbuds/TWs/buds 5.0 Earbuds with 280H P...,4.2,7999.0,699.0,91% off,(28),Highnotes,7300.0
Boult Audio AirBass Xpods TWS Earbuds with 20H Playtime...,3.9,4999.0,1099.0,78% off,"(1,37,753)",Boult,3900.0
GAGANDEEP TWS i12 Bluetooth Wireless Earphone Touch Sen...,3.4,2999.0,529.0,82% off,(181),GAGANDEEP,2470.0
Aroma NB140 Captain 24 Hours* Playtime | Deep Bass | Ma...,3.7,1999.0,599.0,70% off,"(1,512)",Aroma,1400.0
U&i Pod+ 20 Hours Music Time True Wireless Earbuds with...,3.8,3999.0,664.0,83% off,"(5,237)",U&i,3335.0
flying india Premium TWS M90 with PowerBank Gaming Earb...,3.5,1999.0,587.0,70% off,(74),flying,1412.0
"DEFY Gravity Turbo with Low Latency for Gaming, 30 Hour...",4,2799.0,1799.0,35% off,"(8,724)",DEFY,1000.0
Syska SonicBuds X1 Bluetooth Headset,3.8,2499.0,899.0,64% off,(463),Syska,1600.0
SURYAKUSH Earbuds Pro Bass Sound Fast Charging With 32 ...,,1499.0,464.0,69% off,,SURYAKUSH,1035.0
boAt Airdopes 131 with upto 60 Hours and ASAP Charge Bl...,4,2990.0,1299.0,56% off,"(12,58,071)",boAt,1691.0
"ORAIMO Airbuds 3 Earbuds with ENC, up to 20 hours Playb...",4,2500.0,799.0,68% off,"(5,179)",ORAIMO,1701.0
Tunifi Earbuds F9 TWS Upto 48 Hours Playback with ASAP ...,4,3999.0,699.0,82% off,(401),Tunifi,3300.0
"TXOR SENSO V 1.0 TWS EARBUDS, Bass+ 20 H Play time & Fa...",3.6,1299.0,572.0,55% off,(971),TXOR,727.0
"PTron Basspods P251+, 50Hrs Playback, 12mm Driver, ENC,...",3.9,3999.0,999.0,75% off,"(3,748)",PTron,3000.0
TRUETAG M19 TWS Bluetooth 5.1 Wireless Earbuds With 220...,3.7,4999.0,789.0,84% off,(33),TRUETAG,4210.0
"Noise Air Buds Mini with 15 Hours Playtime, Tru Bass Te...",3.9,2999.0,999.0,66% off,"(2,07,670)",Noise,2000.0
snowbudy X2 Pro Wireless Earbuds with Support Upto 6-8h...,3.8,1799.0,549.0,69% off,(60),snowbudy,1250.0
"Wings Phantom Pro earbuds with Low latency Game mode, 4...",4,5499.0,1299.0,76% off,"(28,956)",Wings,4200.0
Mivi DuoPods F60 ENC with 50+ Hrs Playtime| Made in Ind...,3.8,2999.0,1399.0,53% off,"(62,993)",Mivi,1600.0
GREEN BIRD in-Ear Truly Wireless Earbuds with Fast Char...,3.5,1499.0,482.0,67% off,"(3,562)",GREEN,1017.0
Raman Sales M19 TWS Bluetooth 5.1 Wireless Earbuds With...,3.5,2449.0,681.0,72% off,(48),Raman,1768.0
Mivi DuoPods M30 earbuds with 42 hours of playtime | Ma...,3.7,2999.0,1199.0,60% off,"(66,145)",Mivi,1800.0
"Earboss AirDoze Music with Game Mode(45ms), Quad Mic EN...",4,7999.0,799.0,90% off,(7),Earboss,7200.0
WeCool Freesolo x3 Earbuds with Game Mode Bluetooth Hea...,4,4999.0,1799.0,64% off,"(12,223)",WeCool,3200.0
Wings PowerPods With PowerBank Function Bluetooth Heads...,3.9,9499.0,2199.0,76% off,"(5,718)",Wings,7300.0
"Mivi DuoPods F70 ENC with Quad Mic, 50+ Hrs Playtime| M...",4.1,2999.0,1499.0,50% off,"(38,219)",Mivi,1500.0
"Noise Buds VS102 Plus with 70 Hours Playtime, Instachar...",4,3999.0,1595.0,60% off,"(24,529)",Noise,2404.0
"truke Air Buds with Quad Mic ENC & 20 EQ modes, 10mm Dr...",3.9,3299.0,1099.0,66% off,"(5,245)",truke,2200.0
WINGS WL-PHANTOM430-BLK Bluetooth Gaming Headset,4.3,2999.0,1499.0,50% off,"(1,000)",WINGS,1500.0
boAt Airdopes 411ANC with upto 17.5 Hours Playback and ...,3.9,4990.0,2499.0,49% off,"(16,590)",boAt,2491.0
FINGER THREE Premium M19 tws bluetooth 5.0 wireless Dig...,3.4,6888.0,664.0,90% off,(343),FINGER,6224.0
Mivi DuoPods F40 with 50 Hrs Playtime I13mm Drivers|Mad...,3.8,2999.0,899.0,70% off,"(97,578)",Mivi,2100.0
Kabeer enterprises TWS-I12 Twins Bluetooth Wireless Hea...,4.4,1599.0,449.0,71% off,(5),Kabeer,1150.0
Tunifi Earbuds T-2 PRO with ASAP Charge Bluetooth Heads...,3.9,4499.0,699.0,84% off,(90),Tunifi,3800.0
"Home Story Black TWS V5.1, True Wireless Earbuds with F...",4,1999.0,599.0,70% off,(44),Home,1400.0
"Mivi DuoPods F70 ENC with Quad Mic, 50+ Hrs Playtime| M...",4.1,2999.0,1499.0,50% off,"(38,219)",Mivi,1500.0
"BHAVISHU I7s WITH SMALL SIZE, SUPER LIGHTWEIGHT Bluetoo...",3,1999.0,375.0,81% off,(5),BHAVISHU,1624.0
"ORAIMO FreePods Pro TWS Earbuds with ANC ,43Hrs Playtim...",4.2,11999.0,2799.0,76% off,"(3,128)",ORAIMO,9200.0
"Noise Beads with 18hrs of playtime, HyperSync, IPX5 and...",4,3499.0,1499.0,57% off,"(6,037)",Noise,2000.0
"PTron Basspods P11, 24Hrs Playback, 10mm Driver, MovieM...",3.8,2999.0,753.0,74% off,"(3,024)",PTron,2246.0
Tunifi Earbuds F9 Pro Upto 48 Hours Playback with Power...,4,4999.0,699.0,86% off,(105),Tunifi,4300.0
Aroma NB140 Fabulous 24 Hours* Playtime | Deep Bass | M...,3.8,1999.0,699.0,65% off,"(1,665)",Aroma,1300.0
Earboss F-9 Earbuds with 2000 mAh Power Bank & ASAP Cha...,3.6,7999.0,699.0,91% off,"(2,505)",Earboss,7300.0
Wings Phantom 500 Godlike Earbuds with Low latency Game...,4,4999.0,1299.0,74% off,"(5,109)",Wings,3700.0
deamflum L-21 with ASAP Charge Bluetooth Headset,3.7,2999.0,510.0,82% off,(141),deamflum,2489.0
flying india Premium TWS L21 True HIFI Bluetooth Earbud...,4.2,2199.0,474.0,78% off,(5),flying,1725.0
"Noise Buds VS102 Plus with 70 Hours Playtime, Instachar...",4,3999.0,1599.0,60% off,"(24,529)",Noise,2400.0
Mivi DuoPods M30 earbuds with 42 hours of playtime | Ma...,3.7,2999.0,1199.0,60% off,"(66,145)",Mivi,1800.0
"Noise Buds VS304 with 30 Hours Playtime, Instacharge, 1...",3.8,2999.0,1299.0,56% off,"(3,680)",Noise,1700.0
Mivi Duopods F30 with 42 hours battery Fast Charging TW...,3.9,2999.0,1099.0,63% off,"(1,72,344)",Mivi,1900.0
Tunifi G11 Gaming Earbuds True Wireless Bluetooth Heads...,3.7,3999.0,749.0,81% off,(10),Tunifi,3250.0
boAt Airdopes 381 with upto 20 Hours Playback and ASAP ...,3.9,4990.0,1999.0,59% off,"(2,71,282)",boAt,2991.0
"truke BTG X1 Earbuds with Game Mode, Quad Mic ENC, 20 R...",4,3499.0,1199.0,65% off,"(2,207)",truke,2300.0
PTron pTron Basspods Flare - TWS Bluetooth Headset,4,3199.0,1299.0,59% off,"(1,866)",PTron,1900.0
Mivi Duopods F30 with 42 hours battery Fast Charging TW...,3.9,2999.0,1000.0,66% off,"(1,72,344)",Mivi,1999.0
"boAt Airdopes 192 with Beast Mode(40ms), 30 Hours Playb...",4.2,3599.0,1899.0,47% off,(818),boAt,1700.0
Boult Audio AirBass GearPods with 32H Playtime Bluetoot...,3.7,5999.0,1099.0,81% off,"(1,30,230)",Boult,4900.0
"truke Buds F1 with 38H Playtime, ENC, Instant Pairing, ...",3.9,2499.0,899.0,64% off,"(25,220)",truke,1600.0
Kabeer enterprises Double (Dual L/R)BT Sports With Char...,3.5,1499.0,429.0,71% off,(193),Kabeer,1070.0
"ORAIMO FreePods 3 in Ear TWS Earbuds,36Hrs Playtime ,4-...",4,4999.0,1499.0,70% off,"(4,042)",ORAIMO,3500.0
"Boult Audio Airbass Z35 with ZEN ENC Mic, 32H Playtime,...",4.1,2999.0,1299.0,56% off,"(8,665)",Boult,1700.0
blue seed M19 Bluetooth 5.1 Wireless Earbuds Touch Wate...,3.8,1599.0,676.0,57% off,(478),blue,923.0
"Fire-Boltt Game Pods Ninja 601 Earbuds TWS, Voice Assis...",4,4499.0,4329.0,3% off,"(2,705)",Fire-Boltt,170.0
"truke Air Buds+ with Quad Mic ENC & 20 EQ mode, Digital...",3.8,1699.0,1099.0,35% off,"(4,038)",truke,600.0
"Boult Audio Airbass Z35 with ZEN ENC Mic, 32H Playtime,...",4.1,2999.0,1299.0,56% off,"(8,665)",Boult,1700.0
BHIMANSHI ASSOCIATES Exclusive edition TWS M10 Wireless...,3.6,6999.0,599.0,91% off,(295),BHIMANSHI,6400.0
"DigiClues Gaming Pro M-21 with ENC HD+ Calling, Deep Ba...",3.8,7999.0,1699.0,78% off,(30),DigiClues,6300.0
Shubham Agency NEW TWS GAMMING PRO EARBUDS Bluetooth Ga...,3.8,1879.0,590.0,68% off,(24),Shubham,1289.0
Aroma NB140 Captain 24 Hours* Playtime | Deep Bass | Ma...,3.7,1999.0,599.0,70% off,"(1,512)",Aroma,1400.0
Boult Audio Airbass X50 Wireless Earphone / X50 Bluetoo...,4.1,4999.0,1499.0,70% off,"(13,568)",Boult,3500.0
realme Buds Air 3S with Dual Device Pairing and 30hrs T...,4.2,4999.0,2499.0,50% off,"(1,478)",realme,2500.0
WINGS WL-PHANTOM430-WHT Bluetooth Gaming Headset,4.3,2999.0,1499.0,50% off,"(1,000)",WINGS,1500.0
Aroma NB140 Evolve 24 Hours* Playtime | Deep Bass | Mad...,3.7,1999.0,599.0,70% off,"(1,877)",Aroma,1400.0
"Noise Beads with 18hrs of playtime, HyperSync, IPX5 and...",4,3499.0,1499.0,57% off,"(6,037)",Noise,2000.0
"BeastBass M10 Earpods/ipod/buds 225Hours Backup, Power ...",3.6,3999.0,699.0,82% off,(135),BeastBass,3300.0
Mivi DuoPods M30 earbuds with 42 hours of playtime | Ma...,3.7,2999.0,1199.0,60% off,"(66,145)",Mivi,1800.0
"Noise Air Buds Mini with 15 Hours Playtime, Tru Bass Te...",3.9,2999.0,999.0,66% off,"(2,07,670)",Noise,2000.0
"FUR JADEN AirJams 13mm HD Dynamic Driver, Thumping Bass...",4,3000.0,949.0,68% off,"(2,219)",FUR,2051.0
Wings Phantom Godlike earbuds with 50ms Low Latency Gam...,4,4999.0,1199.0,76% off,"(45,675)",Wings,3800.0
"Wings Phantom 250 Earbuds with Game Mode, 40ms Low Late...",4,2999.0,1199.0,60% off,"(31,626)",Wings,1800.0
Aroma NB140 Evolve 24 Hours* Playtime | Deep Bass | Mad...,3.7,1999.0,599.0,70% off,"(1,877)",Aroma,1400.0
"Wings Phantom Pro earbuds with Low latency Game mode, 4...",4,5499.0,1299.0,76% off,"(28,956)",Wings,4200.0
snowbudy Sports Headphones with Mic Sweatproof Earbuds ...,3.8,2299.0,549.0,76% off,(8),snowbudy,1750.0
"truke Fit1+ with 36H of Playtime, Gaming Mode, 10mm Dri...",3.9,2799.0,899.0,67% off,"(58,449)",truke,1900.0
"Noise Air Buds Mini with 15 Hours Playtime, Tru Bass Te...",3.9,2999.0,999.0,66% off,"(2,07,670)",Noise,2000.0
ElectroMania i12 tws earpods Bluetooth Headset EL41 Blu...,3.5,1999.0,429.0,78% off,(366),ElectroMania,1570.0
icall X9 Mini Wireless Earbuds Comfortable For all smar...,3.4,999.0,313.0,68% off,(264),icall,686.0
Ashish General Stores M90 TWS Bluetooth 5.0 Wireless Ea...,3.6,2549.0,692.0,72% off,(24),Ashish,1857.0
"boAt Airdopes 161 with ASAP Charge, 10mm Drivers and 17...",4.1,2490.0,1599.0,35% off,"(2,46,850)",boAt,891.0
"DigiClues Gaming Pro P30 with ENC HD+ Calling, Deep Bas...",4,7999.0,1099.0,86% off,(305),DigiClues,6900.0
FINGER THREE Exclusive M10 High-quality wireless blueto...,5,6888.0,606.0,91% off,(4),FINGER,6282.0
Accruma TWSI7 Wireless Twins Lite Weight Portable Wirel...,3.5,1999.0,382.0,80% off,(27),Accruma,1617.0
Aroma NB140 Captain 24 Hours* Playtime | Deep Bass | Ma...,3.7,1999.0,599.0,70% off,"(1,512)",Aroma,1400.0
OnePlus Buds Pro 2 Bluetooth Headset,4.3,13999.0,11999.0,14% off,(303),OnePlus,2000.0
"JBL Wave Beam TWS, 32Hr Playtime, IP54, Smart Ambient &...",3.8,4999.0,3999.0,20% off,(122),JBL,1000.0
NP SERIES Exclusive Edition M10 TWS Bluetooth Earphone ...,3.5,3915.0,599.0,84% off,(518),NP,3316.0
OPPO Enco Air 2 With 13.4 dynamic driver Bluetooth Head...,4.1,3990.0,2299.0,42% off,"(7,886)",OPPO,1691.0
WeCool Moonwalk Mini in ear bluetooth Earbuds with 16 h...,4,1999.0,699.0,65% off,"(15,991)",WeCool,1300.0
Wings Phantom 500 with ENC and 40 ms latency game mode ...,4,4999.0,1299.0,74% off,"(5,109)",Wings,3700.0
FRISTDOWN i12 tws Earbuds Earphone with Microphone Touc...,3.1,1999.0,499.0,75% off,(18),FRISTDOWN,1500.0
"PTron Basspods P251+, 50Hrs Playback, 12mm Driver, ENC,...",3.9,3999.0,999.0,75% off,"(3,748)",PTron,3000.0
Apple AirPods(2nd gen) with Charging Case Bluetooth Hea...,4.5,14100.0,12499.0,11% off,"(1,09,455)",Apple,1601.0
"HOPPUP AirDoze D50 Earbuds with upto 50H Playtime, ENC,...",4,2999.0,899.0,70% off,"(1,646)",HOPPUP,2100.0
U&i Burn Series Single Ear Business Headset Bluetooth H...,3.9,1699.0,407.0,76% off,"(3,647)",U&i,1292.0
Nothing Ear (stick) Bluetooth Headset,4,9999.0,8499.0,15% off,"(1,273)",Nothing,1500.0
HOPPUP GRAND With Power Bank Function & Upto 75 Hours P...,3.9,2999.0,799.0,73% off,"(61,412)",HOPPUP,2200.0
SONY WF-C500/WZ IN IPX4/20Hrs Battery Life Bluetooth He...,4.2,8990.0,5990.0,33% off,"(4,299)",SONY,3000.0
Motile I12 Earbuds Tws With Charging Cable Bluetooth He...,3.3,1299.0,399.0,69% off,(51),Motile,900.0
NECKTECH New Edition TWS M19 Gaming Earbuds Bluetooth5....,4.4,1999.0,662.0,66% off,(14),NECKTECH,1337.0
"truke Buds Pro with ANC, 48 Hours Playtime, Quad-Mic EN...",3.8,4499.0,1599.0,64% off,"(4,064)",truke,2900.0
Wings Phantom 410 Wireless Earbuds with Digital Battery...,4,2999.0,1499.0,50% off,"(1,138)",Wings,1500.0
onechance i12 Bluetooth Headset,3.7,999.0,499.0,50% off,(27),onechance,500.0
DeadX Exclusive Edition M19 Wireless Headphone with Pow...,4.2,4999.0,799.0,84% off,(5),DeadX,4200.0
Wings Phantom earbuds with 50ms Low Latency Game mode B...,4,4999.0,1199.0,76% off,"(45,675)",Wings,3800.0
APPLE Airpods Pro with MagSafe Charging Case Bluetooth ...,4.5,26300.0,22500.0,14% off,"(50,809)",APPLE,3800.0
"Noise Buds Combat with 45 Hours Playtime, Ultra-low Lat...",4,3999.0,1799.0,55% off,"(1,752)",Noise,2200.0
FUR JADEN AirJams GameX Bluetooth 5.2 Gaming Headphone ...,3.8,3000.0,949.0,68% off,"(10,516)",FUR,2051.0
HUTUVI i7s Bluetooth Wireless Earbuds With Mic Jinni Ba...,3.9,1999.0,419.0,79% off,(8),HUTUVI,1580.0
"truke Buds S2 with 48H Playtime, Quad Mic ENC, Instant ...",3.9,3999.0,1199.0,70% off,"(6,884)",truke,2800.0
"Fire-Boltt Game Pods Ninja 601 Earbuds TWS, Voice Assis...",4,4499.0,4329.0,3% off,"(2,705)",Fire-Boltt,170.0
"ORAIMO FreePods 3 in Ear TWS Earbuds,36Hrs Playtime ,4-...",4,4999.0,1499.0,70% off,"(4,042)",ORAIMO,3500.0
Aroma NB133B Straight Wireless Earbuds Bluetooth Headse...,3.6,2499.0,629.0,74% off,"(1,376)",Aroma,1870.0
CRISPLN Premium TWS F9 True Wireless Headset with Power...,2.9,1999.0,569.0,71% off,(7),CRISPLN,1430.0
boAt Airdopes 381 with upto 20 Hours Playback and ASAP ...,3.9,4990.0,1999.0,59% off,"(2,71,282)",boAt,2991.0
DigiClues Earbuds F9 with Power-Bank Bluetooth Headset,3.8,4999.0,779.0,84% off,(124),DigiClues,4220.0
"LELISKO Earbuds F9 Gaming TWS with 13mm Drivers, 48Hrs ...",3.9,4999.0,587.0,88% off,(28),LELISKO,4412.0
realme Buds Air 2 with Active Noise Cancellation (ANC) ...,4.1,4999.0,3299.0,34% off,"(1,31,240)",realme,1700.0
Aroma NB140 Fabulous 24 Hours* Playtime | Deep Bass | M...,3.8,1999.0,699.0,65% off,"(1,665)",Aroma,1300.0
"Fire-Boltt Fire Pods Ninja Pro 403 Earbuds TWS, ENC & G...",4.3,5999.0,1299.0,78% off,"(4,340)",Fire-Boltt,4700.0
Grostar Earbuds In-ear Sensor Bluetooth Touch Control H...,3.4,1999.0,549.0,72% off,"(21,419)",Grostar,1450.0
boAt Airdopes 381 with upto 20 Hours Playback and ASAP ...,3.9,4990.0,1999.0,59% off,"(2,71,282)",boAt,2991.0
"Home Story AIRYPOD TWS EARBUDS, Bass+ 20 H Playtime & F...",3.6,1499.0,498.0,66% off,"(3,587)",Home,1001.0
HOPPUP MAX Bluetooth Headset,3.7,2099.0,699.0,66% off,"(8,390)",HOPPUP,1400.0
"Wings Phantom 105 Earbuds with Game Mode, ENC, 40 Hours...",3.9,3599.0,1799.0,50% off,"(4,585)",Wings,1800.0
HOPPUP MAX Bluetooth Headset,3.7,2099.0,699.0,66% off,"(8,390)",HOPPUP,1400.0
onechance i12 Bluetooth Headset,3.2,1499.0,499.0,66% off,(21),onechance,1000.0
Boult Audio AirBass GearPods with 32H Playtime Bluetoot...,3.7,5999.0,1099.0,81% off,"(1,30,230)",Boult,4900.0
EDIO I12 TWS TWINS black noise cancellation earbuds Blu...,3.4,999.0,429.0,57% off,"(2,384)",EDIO,570.0
"Boult Audio Airbass XPods Pro with 20 hrs Playtime, Typ...",3.7,5999.0,1299.0,78% off,"(11,997)",Boult,4700.0
"DIZO Buds P with Fast Charge, 40HPlaytime & 13mm Driver...",3.9,3499.0,1599.0,54% off,"(13,407)",DIZO,1900.0
"Boult Audio Airbass Z35 with ZEN ENC Mic, 32H Playtime,...",4.1,2999.0,1299.0,56% off,"(8,665)",Boult,1700.0
Kabeer enterprises Premium TWS F9 True Wireless Headset...,4.8,2999.0,663.0,77% off,(6),Kabeer,2336.0
WeCool H1 True Wireless Bluetooth Earbuds with 24 Hours...,3.8,4999.0,799.0,84% off,"(4,551)",WeCool,4200.0
Earboss M10 Earbuds/TWS/buds 5.1 Earbuds with 280H Play...,4.4,7999.0,699.0,91% off,(8),Earboss,7300.0
"Boult Audio Airbass Z35 with ZEN ENC Mic, 32H Playtime,...",4.1,2999.0,1299.0,56% off,"(8,665)",Boult,1700.0
GREEN BIRD True Wireless Earbuds Upto 220 Hours Total P...,4.2,1299.0,699.0,46% off,(31),GREEN,600.0
APPLE Airpods (3rd Generation) with Lightning Charging ...,4.3,19900.0,19100.0,4% off,(120),APPLE,800.0
Mivi DuoPods F60 ENC with 50+ Hrs Playtime| Made in Ind...,3.8,2999.0,1399.0,53% off,"(62,993)",Mivi,1600.0
Aroma NB140 Captain 24 Hours* Playtime | Deep Bass | Ma...,3.7,1999.0,599.0,70% off,"(1,512)",Aroma,1400.0
"JBL Tune 230NC TWS, Active Noise Cancellation, 40Hr Pla...",4,7999.0,5898.0,26% off,"(4,624)",JBL,2101.0
"ModishOmbre X 15 Gaming True Wireless Earbuds, Upgraded...",3.5,1999.0,749.0,62% off,(197),ModishOmbre,1250.0
Highnotes F-9 Earbuds with 2000 mAh Power Bank & ASAP C...,,7999.0,649.0,91% off,,Highnotes,7350.0
Boult Audio Airbass X50 Wireless Earphone / X50 Bluetoo...,4.1,4999.0,1499.0,70% off,"(13,568)",Boult,3500.0
FD1 (P) L-21 Smart Charging Case LED HQ Technology Blue...,3.5,849.0,499.0,41% off,(361),FD1,350.0
flying india Exclusive edition TWS M10 Wireless Bluetoo...,3.7,2199.0,602.0,72% off,(307),flying,1597.0
DIZO by realme TechLife Buds Z Bluetooth Headset,4.2,2999.0,1999.0,33% off,"(34,726)",DIZO,1000.0
Aroma NB140 Evolve 24 Hours* Playtime | Deep Bass | Mad...,3.7,1999.0,599.0,70% off,"(1,877)",Aroma,1400.0
Matlek Earbuds With Deep Bass Wireless Earphone | Earbu...,4,1999.0,594.0,70% off,(87),Matlek,1405.0
MEETACH Exclusive Earbuds F9 Wireless with Power Bank L...,3.9,1999.0,599.0,70% off,(66),MEETACH,1400.0
PRONOVA M28 Gaming Earbuds TWS with 300 Hours Palyback ...,3.7,7999.0,699.0,91% off,(36),PRONOVA,7300.0
"Noise Air Buds Mini with 15 Hours Playtime, Tru Bass Te...",3.9,2999.0,999.0,66% off,"(2,07,670)",Noise,2000.0
CRISPLN Premium TWS L21 True HIFI Bluetooth Earbuds Wir...,4,1999.0,474.0,76% off,(3),CRISPLN,1525.0
Clerby i12 tws earpods Bluetooth Headset SH3 Bluetooth ...,4.3,999.0,429.0,57% off,(4),Clerby,570.0
GREEN BIRD in-Ear Truly Wireless Earbuds with Fast Char...,3.5,1499.0,489.0,67% off,"(3,562)",GREEN,1010.0
Aroma NB140 Evolve 24 Hours* Playtime | Deep Bass | Mad...,3.7,1999.0,599.0,70% off,"(1,877)",Aroma,1400.0
Noise Air Buds Pro 2 / NEB-15 Bluetooth Headset,4,7999.0,2999.0,62% off,"(2,168)",Noise,5000.0
"boAt Airdopes 172 with 42 Hours Playback, ENx, Beast Mo...",3.6,2990.0,1599.0,46% off,"(2,883)",boAt,1391.0
"Noise Air Buds Mini with 15 Hours Playtime, Tru Bass Te...",3.9,2999.0,1099.0,63% off,"(2,07,670)",Noise,1900.0
Tunifi F9 Earbuds Upto 48 Hours Playtime with ASAP Char...,3.8,7999.0,799.0,90% off,(414),Tunifi,7200.0
PTron Bassbud Bluetooth Gaming Headset,4,3699.0,1375.0,62% off,(7),PTron,2324.0
realme Buds Air 3 Neo with up to 30 hours Playback & Fa...,4.2,3499.0,2199.0,37% off,"(45,988)",realme,1300.0
Earboss Earbuds M90 PRO with Power Bank Upto 150 Hours ...,3.4,7999.0,699.0,91% off,(451),Earboss,7300.0
"Noise Air Buds Mini with 15 Hours Playtime, Tru Bass Te...",3.9,2999.0,999.0,66% off,"(2,07,670)",Noise,2000.0
Portronics Harmonics Twins S3 Blurtooth Earbuds with up...,3.9,1999.0,779.0,61% off,(746),Portronics,1220.0
"Home Story AIRYPOD TWS EARBUDS, Bass+ 20 H Playtime & F...",3.6,1499.0,569.0,62% off,"(3,587)",Home,930.0
Syska SonicBuds X1 Bluetooth Headset,3.8,2499.0,899.0,64% off,(463),Syska,1600.0
Boult Audio AirBass GearPods with 32H Playtime Bluetoot...,3.7,5999.0,1099.0,81% off,"(1,30,230)",Boult,4900.0
"HOPPUP SNAP with Gaming Mode, Fast Charging, ENC, Immer...",3.9,2499.0,599.0,76% off,"(6,980)",HOPPUP,1900.0
Syska SonicBuds X1 Bluetooth Headset,3.8,2499.0,899.0,64% off,(463),Syska,1600.0
SAIANSH ENTERPRISES M10 TWS Bluetooth Earbuds Wireless ...,3.8,1699.0,599.0,64% off,(528),SAIANSH,1100.0
"Boult Audio Airbass Z35 with ZEN ENC Mic, 32H Playtime,...",4.1,2999.0,1299.0,56% off,"(8,665)",Boult,1700.0
"HOPPUP SNAP with Gaming Mode, Fast Charging, ENC, Immer...",3.9,2499.0,599.0,76% off,"(6,980)",HOPPUP,1900.0
ashron Earbuds2 black Bluetooth Headset,,1899.0,455.0,76% off,,ashron,1444.0
Clerby i7 Twins (Dual L/R) True Wireless Earbuds Mini B...,3.4,999.0,429.0,57% off,(648),Clerby,570.0
Aroma NB140 Captain 24 Hours* Playtime | Deep Bass | Ma...,3.7,1999.0,599.0,70% off,"(1,512)",Aroma,1400.0
Earboss M10 Earbuds/ipod/buds 5.1 Earbuds with 280H Pla...,3.5,6999.0,699.0,90% off,"(10,375)",Earboss,6300.0
DIZO by realme TechLife Buds Z Bluetooth Headset,4.2,2999.0,1999.0,33% off,"(34,726)",DIZO,1000.0
"truke Buds Pro with ANC, 48 Hours Playtime, Quad-Mic EN...",3.8,4499.0,1599.0,64% off,"(4,064)",truke,2900.0
"Boult Audio Airbass Z35 with ZEN ENC Mic, 32H Playtime,...",4.1,2999.0,1299.0,56% off,"(8,665)",Boult,1700.0
"Noise Buds VS102 Pro with ANC (25dB), 40 Hours Playtime...",4.1,4999.0,1999.0,60% off,"(1,884)",Noise,3000.0
LONGWINGS AX-12 Bluetooth Headset,3.7,4999.0,999.0,80% off,(60),LONGWINGS,4000.0
"boAt Airdopes 100 with 50 Hours Playback, Quad Mics ENx...",3.9,4490.0,1399.0,68% off,"(8,734)",boAt,3091.0
Boult Audio Airbass X50 Wireless Earphone / X50 Bluetoo...,4.1,4999.0,1499.0,70% off,"(13,568)",Boult,3500.0
"boAt Airdopes 115 with ENx & Beast Mode, upto 24 Hrs Pl...",4,2990.0,1599.0,46% off,"(28,241)",boAt,1391.0
Tunifi Earbuds M19 Upto 48 Hours Playback with ASAP Cha...,3.9,4990.0,799.0,83% off,(327),Tunifi,4191.0
ashron HDRX-EARPOD WITH PREMIUM QUALITY BLACK Bluetooth...,3.6,1399.0,427.0,69% off,(186),ashron,972.0
Aroma NB140 Evolve 24 Hours* Playtime | Deep Bass | Mad...,3.7,1999.0,599.0,70% off,"(1,877)",Aroma,1400.0
WeCool Moonwalk Mini in ear Bluetooth Earbuds with 16 h...,3.9,1999.0,699.0,65% off,"(10,893)",WeCool,1300.0
Digiwins Earbuds M28 with Power-Bank Bluetooth Headset,3.3,4999.0,699.0,86% off,(40),Digiwins,4300.0
Kabeer enterprises ULP_13905C_LATEST i12 tws earpods Bl...,3.5,1399.0,449.0,67% off,(197),Kabeer,950.0
"Noise Air Buds Mini with 15 Hours Playtime, Tru Bass Te...",3.9,2999.0,999.0,66% off,"(2,07,670)",Noise,2000.0
NP SERIES Exclusive Edition M19 Wireless Headphone with...,3.6,3998.0,625.0,84% off,(356),NP,3373.0
boAt Airdopes 402 / Airdopes 408 Bluetooth Headset,3.8,5990.0,1999.0,66% off,"(2,61,809)",boAt,3991.0
"Noise Beads with 18hrs of playtime, HyperSync, IPX5 and...",4,3499.0,1499.0,57% off,"(6,037)",Noise,2000.0
Aroma NB140 Evolve 24 Hours* Playtime | Deep Bass | Mad...,3.7,1999.0,599.0,70% off,"(1,877)",Aroma,1400.0
NP SERIES Exclusive Edition M10 TWS Bluetooth Earphone ...,3.8,4199.0,596.0,85% off,(132),NP,3603.0
OPPO Enco Air 2 With 13.4 dynamic driver Bluetooth Head...,4.1,3990.0,2499.0,37% off,"(7,886)",OPPO,1491.0
"Blaupunkt BTW200 Earbuds, 40H Playtime*, TurboVolt Char...",4.1,2999.0,1499.0,50% off,(96),Blaupunkt,1500.0
Tunifi F9 Earbuds Upto 48 Hours Playtime with ASAP Char...,3.8,7999.0,799.0,90% off,(414),Tunifi,7200.0
ROREX K1 Single Ear Wireless with Mic Bluetooth Headset,3.1,799.0,199.0,75% off,(7),ROREX,600.0
deamflum Earbuds M90 PRO with Power Bank & ASAP Charge ...,3.5,4999.0,655.0,86% off,(526),deamflum,4344.0
"Deepsheila 32H Playtime, 45ms Ultra-Low Latency Mode, 5...",2.7,299.0,230.0,23% off,(18),Deepsheila,69.0
"Noise Air Buds Mini with 15 Hours Playtime, Tru Bass Te...",3.9,2999.0,999.0,66% off,"(2,07,670)",Noise,2000.0
NP SERIES Exclusive Edition M10 TWS Bluetooth Earphone ...,3.8,4249.0,599.0,85% off,(132),NP,3650.0
STREAKIST Earbuds M29 Upto 48 Hours Playback with ENC T...,4.6,1999.0,699.0,65% off,(21),STREAKIST,1300.0
GREEN BIRD in-Ear Truly Wireless Earbuds with Fast Char...,3.5,1499.0,490.0,67% off,"(3,562)",GREEN,1009.0
bAot 102 NB with upto 24 hour paly back bluetooth heads...,4.4,2499.0,699.0,72% off,(8),bAot,1800.0
"truke Fit1+ with 36H of Playtime, Gaming Mode, 10mm Dri...",3.9,2799.0,899.0,67% off,"(58,449)",truke,1900.0
"Makzee EAR BUDS XP2022-HD Stereo Sound Charging Case, O...",3.8,1799.0,599.0,66% off,(229),Makzee,1200.0
realme Buds Q2 with Active Noise Cancellation Bluetooth...,3.9,3499.0,2449.0,30% off,"(19,236)",realme,1050.0
"truke Air Buds with Quad Mic ENC & 20 EQ modes, 10mm Dr...",3.9,3299.0,1099.0,66% off,"(5,245)",truke,2200.0
"JBL Tune Flex TWS with ANC, Customizable Eartips, 32H P...",3.9,8999.0,6999.0,22% off,(777),JBL,2000.0
Motile Arrival i7S TWS Truly Wireless Bluetooth Buds se...,3.3,999.0,399.0,60% off,(12),Motile,600.0
Mivi DuoPods F50 with 50 Hrs Playtime I13mm Drivers|Fas...,3.9,2999.0,1299.0,56% off,"(35,581)",Mivi,1700.0
Digiwins F9 Pro with Power Bank Upto 48 Hours Playback ...,3.8,4999.0,849.0,83% off,"(1,258)",Digiwins,4150.0
"ORAIMO Roll Earbuds with ENC,16Hrs Playtime, 13mm Dynam...",4.1,2999.0,799.0,73% off,(49),ORAIMO,2200.0
NP SERIES Premium TWS T2 Earbuds HQ sound with 1500mAh ...,3.4,4999.0,647.0,87% off,(101),NP,4352.0
CIHYARD CH-3 Pull Fire - 24 Hours Playtime Bluetooth He...,3.5,1999.0,499.0,75% off,(408),CIHYARD,1500.0
"UPOZA Earbuds A520 TWS with 13mm HQ Drivers, Touch Cont...",3.9,7999.0,949.0,88% off,(40),UPOZA,7050.0
SENS CNATRA 1 TWS with ENC & 22hrs Playback Bluetooth H...,3.8,2999.0,999.0,66% off,"(1,149)",SENS,2000.0
CRISPLN 2022TWS HIFI Gaming Bluetooth 5.2 Wireless Earp...,,1999.0,669.0,66% off,,CRISPLN,1330.0
myxes M19 EARBUDS CUM POWER BANK WITH TORCH pack of 1 (...,3.8,1999.0,690.0,65% off,(347),myxes,1309.0
"Cosmic Byte CosmoBuds X200, BT 5.3, 40 Hrs, 38ms, GOD M...",4,8999.0,1499.0,83% off,(106),Cosmic,7500.0
NP SERIES M90 TWS Gaming Earbuds with POWERBANK Wireles...,3.1,2499.0,699.0,72% off,(32),NP,1800.0
blue seed M10 TWS Bluetooth Earbuds Wireless Earbuds 00...,3.7,1299.0,635.0,51% off,"(4,238)",blue,664.0
Ucool Duplet 40 Hours Playtime ENC Bluetooth Wireless T...,3.6,2999.0,699.0,76% off,(182),Ucool,2300.0
"Noise Buds VS102 Plus with 70 Hours Playtime, Instachar...",4,3999.0,1599.0,60% off,"(24,529)",Noise,2400.0
blue seed Y80 Bluetooth Headset Sports TWS Earbuds Wire...,,1599.0,549.0,65% off,,blue,1050.0
"Digiwins Gaming Pro P30 with ENC HD+ Calling, Deep Bass...",4,7999.0,949.0,88% off,(38),Digiwins,7050.0
deamflum Earbuds M-10 Power Bank Upto 48 Hours Playback...,3.6,2999.0,569.0,81% off,(977),deamflum,2430.0
Edult M10 TWS wireless Bluetooth earbuds with 2000mAh c...,,3599.0,649.0,81% off,,Edult,2950.0
MR ROBOT Premium TWS M19 Earbuds LED Display Touch Cont...,3,2199.0,649.0,70% off,(6),MR,1550.0
boAt Airdopes 381 Sunburn Edition with upto 20 Hours Pl...,3.9,,4990.0,,"(2,71,282)",boAt,
"PTron Bassbuds Xtreme Earbuds With Game Mode, 32hrs Pla...",3.7,4599.0,899.0,80% off,(249),PTron,3700.0
"Noise Buds VS102 with 14 Hours Playtime, 11mm Driver, I...",4.1,2999.0,1299.0,56% off,"(2,30,494)",Noise,1700.0
Wings Phantom 410 Wireless Earbuds with Digital Battery...,4,2999.0,1499.0,50% off,"(1,138)",Wings,1500.0
"Boult Audio Omega with 30dB ANC, Quad Mic ENC, 45ms Lat...",3.7,9999.0,1799.0,82% off,"(1,579)",Boult,8200.0
realme Buds Q2 Neo Bluetooth Headset,4,2499.0,1599.0,36% off,"(1,44,043)",realme,900.0
SURYAKUSH Pro Bass Sound Fast Charging With 32 Hours Pl...,,1499.0,499.0,66% off,,SURYAKUSH,1000.0
"Noise Air Buds Pro 2 with 25 Hours Playtime, 40dB ANC, ...",4,7999.0,2699.0,66% off,"(2,168)",Noise,5300.0
Syska SonicBuds X2 Bluetooth Headset,4,2999.0,999.0,66% off,(282),Syska,2000.0
"truke BTG3 Earbuds with Game Mode, 48H Playtime, ENC, 5...",3.8,2999.0,1299.0,56% off,"(18,919)",truke,1700.0
"boAt Airdopes 115 with ENx & Beast Mode, upto 24 Hrs Pl...",4,2990.0,1599.0,46% off,"(28,241)",boAt,1391.0
"Wings Phantom 550 Earbuds with Low latency Game mode, 4...",4,2999.0,1299.0,56% off,"(8,810)",Wings,1700.0
DIZO by realme TechLife Buds Z Bluetooth Headset,4.2,2999.0,1999.0,33% off,"(34,726)",DIZO,1000.0
"Noise Buds VS304 with 30 Hours Playtime, Instacharge, 1...",3.8,2999.0,1299.0,56% off,"(3,680)",Noise,1700.0
Digiwins Premium M20 Wireless Sports Earphones Touch Co...,4.2,7999.0,709.0,91% off,(42),Digiwins,7290.0
NICK JONES In the ear I11s TWS Wireless Stereo earbuds ...,3.1,2888.0,369.0,87% off,(82),NICK,2519.0
"Boult Audio AirBass PowerBuds with Inbuilt Powerbank, 1...",3.8,8999.0,1999.0,77% off,"(4,472)",Boult,7000.0
Mivi DuoPods F40 with 50 Hrs Playtime I13mm Drivers|Mad...,3.8,2999.0,1199.0,60% off,"(97,578)",Mivi,1800.0
MUSLEK Premium TWS I12 Twins touch sensor Bluetooth hea...,,2699.0,425.0,84% off,,MUSLEK,2274.0
Aroma NB137 Union Wireless Earbuds Bluetooth Headset,3.8,3999.0,783.0,80% off,"(1,253)",Aroma,3216.0
PTron Bassbuds Jade Bluetooth Gaming Headset,3.8,3699.0,1375.0,62% off,(228),PTron,2324.0
SHUANGYOU M90 Pro TWS Bluetooth Earbuds Wireless Earbud...,,1999.0,599.0,70% off,,SHUANGYOU,1400.0
Boult Audio Airbass Truebuds Bluetooth Headset,3.8,7999.0,1189.0,85% off,"(41,422)",Boult,6810.0
DigiClues Earbuds M29 Pro with Power-Bank Bluetooth Hea...,4.1,4999.0,824.0,83% off,(71),DigiClues,4175.0
"truke Buds S2 with 48H Playtime, Quad Mic ENC, Instant ...",3.9,3999.0,1299.0,67% off,"(6,884)",truke,2700.0
Karan Traders Premium M19 tws bluetooth 5.1 wireless & ...,,2299.0,685.0,70% off,,Karan,1614.0
realme Buds Air 3 with Fast Charge & Active Noise Cance...,4.2,5999.0,4199.0,30% off,"(42,290)",realme,1800.0
boAt Airdopes 402 / Airdopes 408 Bluetooth Headset,3.8,5990.0,1999.0,66% off,"(2,61,809)",boAt,3991.0
Grostar TWS A6S ear buds True Wireless Earbuds A6S Blue...,3.6,1999.0,549.0,72% off,"(6,321)",Grostar,1450.0
Grostar A6S BLUETOOTH HEADPHONE TWS EARBUDS HEADSET HIG...,3.6,1999.0,482.0,75% off,(184),Grostar,1517.0
"PTron Bassbuds Epic Earbuds with Game Mode, 40ms Latenc...",3.9,3199.0,1799.0,43% off,"(2,677)",PTron,1400.0
Google Pixel Buds A-Series with Google Assistant Blueto...,4.4,9999.0,7999.0,20% off,"(8,552)",Google,2000.0
"Boult Audio Airbass XPods Pro with 20 hrs Playtime, Typ...",3.7,5999.0,1474.0,75% off,"(11,997)",Boult,4525.0
NP SERIES M90 TWS Gaming Earbuds with POWERBANK Wireles...,3.4,4165.0,690.0,83% off,(372),NP,3475.0
"boAt Airdopes 115 with ENx & Beast Mode, upto 24 Hrs Pl...",4,2990.0,1599.0,46% off,"(28,241)",boAt,1391.0
FRISTDOWN I12 TWS Wireless Earbuds Bluetooth 5.0 Earpho...,3.1,1999.0,499.0,75% off,(9),FRISTDOWN,1500.0
GadgetX TWS-I12 Twins Bluetooth Wireless Headset with m...,4.8,999.0,399.0,60% off,(6),GadgetX,600.0
"Noise Buds VS204 with 50 Hours Playtime, Instacharge, E...",3.8,3999.0,1799.0,55% off,"(1,041)",Noise,2200.0
LONGWINGS Tws Mini Wireless Bluetooth Earbuds Headset (...,3.7,1999.0,653.0,67% off,(11),LONGWINGS,1346.0
"Digiwins Gaming Pro k12 with ENC HD+ Calling, Deep Bass...",,7999.0,1299.0,83% off,,Digiwins,6700.0
"Digiwins K85 Gaming TWS Earbuds, 45hr Playtime, Touch C...",4.8,7999.0,949.0,88% off,(5),Digiwins,7050.0
Dozokil High M10 Pro TWS Bluetooth Earbuds Wireless Ear...,5,2499.0,619.0,75% off,(9),Dozokil,1880.0
MR ROBOT Premium TWS M19 Earbuds LED Display Touch Cont...,3.1,2199.0,687.0,68% off,(27),MR,1512.0
ElectroMania TwsL21 Mini Wireless Bluetooth Headset / E...,3.7,999.0,499.0,50% off,(68),ElectroMania,500.0
HUTUVI i12 Bluetooth Earphone with Mic HEADPHONE Blueto...,3.8,999.0,499.0,50% off,(10),HUTUVI,500.0
DigiClues M19 Earbuds with 48 Hours Palyback and ASAP C...,3.5,7999.0,799.0,90% off,(119),DigiClues,7200.0
FRISTDOWN Wireless Bluetooth Buds With Portable Chargin...,2.8,1999.0,559.0,72% off,(10),FRISTDOWN,1440.0
"Noise Buds VS204 with 50 Hours Playtime, Instacharge, E...",3.8,3999.0,1799.0,55% off,"(1,041)",Noise,2200.0
"HOPPUP AirDoze M30 with BT 5.3, 30H Playtime, Dual Mic ...",3.7,1999.0,799.0,60% off,(153),HOPPUP,1200.0
WeCool Moonwalk M3 True Wireless Bluetooth Earbuds with...,4.1,1999.0,799.0,60% off,"(1,077)",WeCool,1200.0
"Wings Phantom 760 Earbuds with Low Latency Game mode, B...",3.9,2999.0,1399.0,53% off,"(2,243)",Wings,1600.0
"Wings Phantom 760 Earbuds with Low Latency Game mode, B...",3.9,2999.0,1399.0,53% off,"(2,243)",Wings,1600.0
NITBUDDY F9 tws wireless headphones bluetooth 5.0 earph...,3.1,2499.0,650.0,73% off,(9),NITBUDDY,1849.0
SENS CNATRA 2 TWS with Fast Charging Bluetooth Headset,3.5,3499.0,999.0,71% off,(727),SENS,2500.0
Boult Audio AirBass GearPods with 32H Playtime Bluetoot...,3.7,5999.0,1099.0,81% off,"(1,30,230)",Boult,4900.0
Jagidar M-10 TWS-Eabuds with inbuilt 3500MAH Powerbank ...,3.4,4999.0,559.0,88% off,(43),Jagidar,4440.0
WOF TwsL21 Mini Wireless Bluetooth Headset / Earphone B...,3.7,2999.0,499.0,83% off,"(1,022)",WOF,2500.0
"Wings Phantom 800 Low Latency Earbuds with Game mode, 5...",4,2999.0,1399.0,53% off,"(3,283)",Wings,1600.0
"Boult Audio Airbass Z35 with ZEN ENC Mic, 32H Playtime,...",4.1,2999.0,1299.0,56% off,"(8,665)",Boult,1700.0
SHOPLINE twins Ti7s bluetooth headphone wireless Blueto...,3.5,999.0,429.0,57% off,(428),SHOPLINE,570.0
"JBL Wave Beam TWS, 32Hr Playtime, IP54, Smart Ambient &...",3.8,4999.0,4299.0,14% off,(122),JBL,700.0
LIVEBEAT M19 EARBUDS POWER BANK WITH TORCH pack of 1 Bl...,3.5,2499.0,749.0,70% off,(70),LIVEBEAT,1750.0
Aroma NB140 Captain 24 Hours* Playtime | Deep Bass | Ma...,3.7,1999.0,599.0,70% off,"(1,512)",Aroma,1400.0
"JBL Endurance Race,30Hrs Playtime,IP67 Water & Dustproo...",4,7999.0,4489.0,43% off,(142),JBL,3510.0
Livebeat M10 Earbuds Bluetooh Headset Bluetooth Headset,,2499.0,609.0,75% off,,Livebeat,1890.0
THE PLUGGED M10 TWS Bluetooth Earbuds Wireless Bluetoot...,3.8,1999.0,643.0,67% off,(120),THE,1356.0
"Boult Audio Airbass Z35 with ZEN ENC Mic, 32H Playtime,...",4.1,2999.0,1299.0,56% off,"(8,665)",Boult,1700.0
"HOPPUP SNAP with Gaming Mode, Fast Charging, ENC, Immer...",3.9,2499.0,599.0,76% off,"(6,980)",HOPPUP,1900.0
FINGER THREE Exclusive Earbuds F9 Wireless with Power B...,,6888.0,574.0,91% off,,FINGER,6314.0
DigiClues F9 Earbuds with 48Hours Palyback and ASAP Cha...,3.9,7999.0,799.0,90% off,(72),DigiClues,7200.0
Boult Audio Airbass X50 Wireless Earphone / X50 Bluetoo...,4.1,4999.0,1499.0,70% off,"(13,568)",Boult,3500.0
boAt Airdopes 381 Sunburn Edition with upto 20 Hours Pl...,3.9,,4990.0,,"(2,71,282)",boAt,
UPOZA Gaming Series Pro 60 Earbuds/TWs/buds 5.1 Earbuds...,3.6,7999.0,899.0,88% off,(518),UPOZA,7100.0
boAt Airdopes 458 Bluetooth Headset,,4990.0,1999.0,59% off,,boAt,2991.0
Aroma NB140 Evolve 24 Hours* Playtime | Deep Bass | Mad...,3.7,1999.0,599.0,70% off,"(1,877)",Aroma,1400.0
PTron pTron Basspods Flare - TWS Bluetooth Headset,4,3199.0,1299.0,59% off,"(1,866)",PTron,1900.0
onechance Earpods Pro Tws Bluetooth Headset,,1499.0,599.0,60% off,,onechance,900.0
snowbudy Earbuds with Mic Water Resistance Super Touch ...,4.1,2799.0,549.0,80% off,(9),snowbudy,2250.0
"Noise Air Buds Mini with 15 Hours Playtime, Tru Bass Te...",3.9,2999.0,999.0,66% off,"(2,07,670)",Noise,2000.0
icall BBD-Low Price Bluetooth X9 Bluetooth Headset,3.7,999.0,320.0,67% off,(177),icall,679.0
WINGS WL-PHANTOM430-PUR Bluetooth Gaming Headset,4.3,2999.0,1499.0,50% off,"(1,000)",WINGS,1500.0
HOPPUP MONOBUD with Bluetooth 5.2 and Fast Charging Blu...,3.9,1499.0,499.0,66% off,(757),HOPPUP,1000.0
Aroma NB140 Evolve 24 Hours* Playtime | Deep Bass | Mad...,3.7,1999.0,599.0,70% off,"(1,877)",Aroma,1400.0
FRISTDOWN i12 Bluetooth Ear Buds Bluetooth Headset in E...,3.4,1999.0,499.0,75% off,(28),FRISTDOWN,1500.0
DigiClues Premium Class M5 Gaming TWS 13mm HD Dynamic D...,4.3,7999.0,945.0,88% off,(15),DigiClues,7054.0
LEAF Buds X142 Earbuds with mic and 20 Hours Playback T...,4.1,2999.0,1299.0,56% off,(86),LEAF,1700.0
Tunifi F9 Earbuds Upto 48 Hours Playtime with ASAP Char...,3.8,7999.0,799.0,90% off,(414),Tunifi,7200.0
Ashish General Stores New Full Bass Busted Earbuds ( Ga...,3.6,2499.0,611.0,75% off,(12),Ashish,1888.0
Matlek Gaming Earbuds TWS Bluetooth Headphones With 50 ...,3.8,1990.0,814.0,59% off,(971),Matlek,1176.0
Candytech Camo Buds Bluetooth Headset,3.8,999.0,639.0,36% off,(240),Candytech,360.0
"Noise Air Buds Mini with 15 Hours Playtime, Tru Bass Te...",3.9,2999.0,999.0,66% off,"(2,07,670)",Noise,2000.0
Motile I7S Bluetooth Headphone Twins Sports Earphone Wi...,,999.0,399.0,60% off,,Motile,600.0
SHOPLINE I 12 TWS Bluetooth Headset SH99 Bluetooth Head...,,999.0,429.0,57% off,,SHOPLINE,570.0
flying india Exclusive Gaming Earbuds M28 Upto 48 Hours...,,2199.0,712.0,67% off,,flying,1487.0
Boult Audio AirBass GearPods with 32H Playtime Bluetoot...,3.7,5999.0,1099.0,81% off,"(1,30,230)",Boult,4900.0
"boAt Airdopes 172 with 42 Hours Playback, ENx, Beast Mo...",3.6,2990.0,1599.0,46% off,"(2,883)",boAt,1391.0
boAt Airdopes 411ANC with upto 17.5 Hours Playback and ...,3.9,4990.0,2499.0,49% off,"(16,590)",boAt,2491.0
"onechance TWS EARBUDS, Bass+ 20HR Playtime & Fast Charg...",,1499.0,599.0,60% off,,onechance,900.0
"Boult Audio Airbass Z35 with ZEN ENC Mic, 32H Playtime,...",4.1,2999.0,1299.0,56% off,"(8,665)",Boult,1700.0
BHAVISHU New collection I7s bluetooth headphone wireles...,3.2,1299.0,375.0,71% off,(354),BHAVISHU,924.0
Boult Audio AirBass Combuds Bluetooth Headset,3.7,4999.0,1299.0,74% off,"(1,14,858)",Boult,3700.0
Life Like Gaming TWS 1200 mAh Charging Box EarBuds With...,3.9,2999.0,716.0,76% off,(10),Life,2283.0
Aroma NB140 Captain 24 Hours* Playtime | Deep Bass | Ma...,3.7,1999.0,599.0,70% off,"(1,512)",Aroma,1400.0
SYARA STQ_495E_TWS m9 Wireless Earbuds Bluetooth Headse...,3.6,1799.0,379.0,78% off,(9),SYARA,1420.0
"JBL Wave 300 TWS, 26Hr Playtime, Open-Ear Design, JBL E...",4,5999.0,3999.0,33% off,"(1,047)",JBL,2000.0
Digiwins Earbuds M19 with Power-Bank Bluetooth Headset,4,4999.0,799.0,84% off,(7),Digiwins,4200.0
"Boult Audio Airbass Z35 with ZEN ENC Mic, 32H Playtime,...",4.1,2999.0,1299.0,56% off,"(8,665)",Boult,1700.0
EVOTECH M10 TWS Bluetooth 5.1 Earphones 3500mAh Chargin...,3.9,999.0,592.0,40% off,(8),EVOTECH,407.0
Met style Genuine Bluetooth Earphones i7 EARBUDS Blueto...,4,1299.0,359.0,72% off,(4),Met,940.0
OPPO Enco Air 3 Bluetooth Headset,4.1,5999.0,2999.0,50% off,(67),OPPO,3000.0
Boult Audio Airbass X50 Wireless Earphone / X50 Bluetoo...,4.1,4999.0,1499.0,70% off,"(13,568)",Boult,3500.0
Earboss L21 Earbuds/Air-pod/ buds 5.0 Bluetooth Headset,3.8,1997.0,599.0,70% off,"(1,537)",Earboss,1398.0
i-mobtech Air Buds with In-ear Sensor with Power Bank B...,,1499.0,699.0,53% off,,i-mobtech,800.0
Syska SonicBuds X1 Bluetooth Headset,3.8,2499.0,899.0,64% off,(463),Syska,1600.0
Aroma NB140 Evolve 24 Hours* Playtime | Deep Bass | Mad...,3.7,1999.0,599.0,70% off,"(1,877)",Aroma,1400.0
SONY WF-C500/WZ IN IPX4/20Hrs Battery Life Bluetooth He...,4.2,8990.0,5990.0,33% off,"(4,299)",SONY,3000.0
Nokia T3020 Bluetooth Headset,3.7,2599.0,1799.0,30% off,(926),Nokia,800.0
APPLE Airpods Pro 2nd Generation Bluetooth Headset,4.5,,26900.0,,"(1,032)",APPLE,
Aroma NB140 Evolve 24 Hours* Playtime | Deep Bass | Mad...,3.7,1999.0,599.0,70% off,"(1,877)",Aroma,1400.0
NP SERIES Exclusive Edition M10 TWS Bluetooth Earphone ...,3.9,4299.0,610.0,85% off,(534),NP,3689.0
"boAt Airdopes Atom 83 with 50Hrs Playback, Quad Mics EN...",4,4490.0,1499.0,66% off,"(8,006)",boAt,2991.0
Digiwins T2 with Power Bank Upto 48 Hours Playback Blue...,3.9,3999.0,791.0,80% off,(23),Digiwins,3208.0
"Noise Air Buds Mini with 15 Hours Playtime, Tru Bass Te...",3.9,2999.0,999.0,66% off,"(2,07,670)",Noise,2000.0
TRUETAG M19 Bluetooth 5.1 Wireless Earbuds Touch Waterp...,,4999.0,789.0,84% off,,TRUETAG,4210.0
GREEN BIRD in-Ear Truly Wireless Earbuds with Fast Char...,3.5,1499.0,490.0,67% off,"(3,562)",GREEN,1009.0
APPLE Airpods (3rd Generation) with Magsafe Charging Ca...,4.3,20900.0,19600.0,6% off,"(2,532)",APPLE,1300.0
Tunifi F9 Earbuds Upto 48 Hours Playtime with ASAP Char...,3.8,7999.0,799.0,90% off,(414),Tunifi,7200.0
Skullcandy Dime 2 Bluetooth Headset,3.4,7999.0,2599.0,67% off,(240),Skullcandy,5400.0
Enacfire TWS E005 T2 Earbuds MINI with 1500mAh Power Ba...,3.9,2999.0,699.0,76% off,"(9,646)",Enacfire,2300.0
boAt Airdopes 381 with upto 20 Hours Playback and ASAP ...,3.9,4990.0,2399.0,51% off,"(2,71,282)",boAt,2591.0
"Noise Air Buds Mini with 15 Hours Playtime, Tru Bass Te...",3.9,2999.0,999.0,66% off,"(2,07,670)",Noise,2000.0
GREEN BIRD Black & Red Ear Birds Bluetooth Headset,,1799.0,748.0,58% off,,GREEN,1051.0
"JBL Wave 300 TWS, 26Hr Playtime, Open-Ear Design, JBL E...",4,5999.0,3999.0,33% off,"(1,047)",JBL,2000.0
Digiwins Earbuds M19 with Power-Bank Bluetooth Headset,4,4999.0,799.0,84% off,(7),Digiwins,4200.0
OPPO Enco Air 3 Bluetooth Headset,4.1,5999.0,2999.0,50% off,(67),OPPO,3000.0
SONY WF-C500/WZ IN IPX4/20Hrs Battery Life Bluetooth He...,4.2,8990.0,5990.0,33% off,"(4,299)",SONY,3000.0
EVOTECH M10 TWS Bluetooth 5.1 Earphones 3500mAh Chargin...,3.9,999.0,592.0,40% off,(8),EVOTECH,407.0
Met style Genuine Bluetooth Earphones i7 EARBUDS Blueto...,4,1299.0,359.0,72% off,(4),Met,940.0
Google Pixel Buds Pro with Active Noise Cancellation Bl...,4.6,19990.0,17990.0,10% off,(443),Google,2000.0
Digiwins T2 with Power Bank Upto 48 Hours Playback Blue...,3.9,3999.0,791.0,80% off,(23),Digiwins,3208.0
"boAt Airdopes Atom 83 with 50Hrs Playback, Quad Mics EN...",4,4490.0,1499.0,66% off,"(8,006)",boAt,2991.0
NP SERIES Exclusive Edition M10 TWS Bluetooth Earphone ...,3.9,4299.0,610.0,85% off,(534),NP,3689.0
Nexbird Gaming Earbuds G11 True Wireless HD dynamic dri...,3,3999.0,661.0,83% off,(4),Nexbird,3338.0
Nokia T3020 Bluetooth Headset,3.7,2599.0,1799.0,30% off,(926),Nokia,800.0
SONY WF-C500/WZ IN IPX4/20Hrs Battery Life Bluetooth He...,4.2,8990.0,5990.0,33% off,"(4,299)",SONY,3000.0
Syska SonicBuds X1 Bluetooth Headset,3.8,2499.0,899.0,64% off,(463),Syska,1600.0
APPLE Airpods Pro 2nd Generation Bluetooth Headset,4.5,,26900.0,,"(1,032)",APPLE,
TRUETAG M19 Bluetooth 5.1 Wireless Earbuds Touch Waterp...,,4999.0,789.0,84% off,,TRUETAG,4210.0
BITTERTECH Earbud White With Wireless Charging Case Blu...,,3299.0,799.0,75% off,,BITTERTECH,2500.0
HRX X-Drops 580G Bluetooth Headset,4,2999.0,1799.0,40% off,"(1,156)",HRX,1200.0
Enacfire TWS E63 30 Hours Play Time Wireless Bluetooth ...,3.7,1888.0,649.0,65% off,"(2,131)",Enacfire,1239.0
COLOUR MUSIC Exclusive edition TWS M10 Wireless Bluetoo...,,6999.0,635.0,90% off,,COLOUR,6364.0
GREEN BIRD in-Ear Truly Wireless Earbuds with Fast Char...,3.5,1499.0,490.0,67% off,"(3,562)",GREEN,1009.0
Microflash Air Buds-D79 Upto 30Hrs Playback 13mm Driver...,3.7,2499.0,849.0,66% off,(71),Microflash,1650.0
MASOORI HI-i7 tw -76 Bluetooth Gaming Headset,,999.0,349.0,65% off,,MASOORI,650.0
boAt Airdopes 381 with upto 20 Hours Playback and ASAP ...,3.9,4990.0,2399.0,51% off,"(2,71,282)",boAt,2591.0
GYNISES Premium M19 tws bluetooth 5.0 wireless Digital ...,,2557.0,686.0,73% off,,GYNISES,1871.0
DIZO Buds Z Power with 30h Total Playtime & 10mm Dynami...,3.5,3499.0,1999.0,42% off,(94),DIZO,1500.0
"truke BTG Beta with 13mm Titanium Drivers, 38H Playtime...",4,2499.0,1099.0,56% off,"(1,968)",truke,1400.0
"byer Scrapper Ultra Gaming TWS with 18 Hrs Battery ,50m...",4,4449.0,826.0,81% off,(123),byer,3623.0
Jabra Elite 2 with Rich Bass Bluetooth Headset,3.7,5999.0,2997.0,50% off,(845),Jabra,3002.0
Cocu TWS GAMING + LISTNING DUAL MODE BLUETOOTH EARBUDS ...,3.4,2499.0,734.0,70% off,"(1,238)",Cocu,1765.0
Tunifi Earbuds M29 Upto 48 Hours Playback with ENC Tech...,3.8,4990.0,849.0,82% off,(95),Tunifi,4141.0
"LG FP6W Active Noise Cancelling Earbuds, 22 Hrs Battery...",4.3,24990.0,11999.0,51% off,(71),LG,12991.0
flying india New Edition TWS M19 Gaming Earbuds Bluetoo...,3.6,2199.0,650.0,70% off,(241),flying,1549.0
"truke BTG Alpha Earbuds with Game Mode, 38H Playtime, 7...",3.9,2499.0,1299.0,48% off,"(15,458)",truke,1200.0
Wings Phantom Pro Godlike earbuds with 50ms Low Latency...,4,5499.0,1299.0,76% off,"(28,956)",Wings,4200.0
Digiwins Earbuds M19 Upto 48 Hours Playback with Power-...,4.7,4999.0,791.0,84% off,(3),Digiwins,4208.0
flying india Premium TWS M90 with PowerBank Gaming Earb...,4.2,2199.0,641.0,70% off,(12),flying,1558.0
Clerby I12 TWS TWINS black noise cancellation earbuds B...,3.8,999.0,429.0,57% off,(47),Clerby,570.0
N2B WIRELESS EARPHONE WITH TWIN BUDS AND MIC HEADPHONE ...,3.3,999.0,379.0,62% off,"(1,277)",N2B,620.0
"Noise Air Buds 2 with 40 Hours Playtime, 13mm Driver, Q...",4,4999.0,1899.0,62% off,(875),Noise,3100.0
"Krondal Earbuds White, With Wireless Charging Case Blue...",3.8,1499.0,569.0,62% off,(39),Krondal,930.0
Blaupunkt BTW25F GR Bluetooth Headset,3.7,2999.0,1999.0,33% off,(301),Blaupunkt,1000.0
Boult Audio AirBass GearPods with 32H Playtime Bluetoot...,3.7,5999.0,1099.0,81% off,"(1,30,230)",Boult,4900.0
JAMMY ZONES Exclusive M10 High-quality wireless bluetoo...,,1999.0,557.0,72% off,,JAMMY,1442.0
ROYAL SCOT GREY i12 TWS with Charging Case Wireless Blu...,3.4,1199.0,474.0,60% off,"(1,355)",ROYAL,725.0
Chaebol Wireless Sports Bluetooth Magnet Earphone Hands...,4.2,999.0,499.0,50% off,(15),Chaebol,500.0
"Boult Audio Airbass Z35 with ZEN ENC Mic, 32H Playtime,...",4.1,2999.0,1299.0,56% off,"(8,665)",Boult,1700.0
Syska SonicBuds X2 Bluetooth Headset,4,2999.0,999.0,66% off,(282),Syska,2000.0
KARAN TRADERS Earbuds M10 PRO with Power Bank Upto 180 ...,,2099.0,625.0,70% off,,KARAN,1474.0
DigiClues G11 Gaming Earbuds True Wireless Bluetooth He...,3.6,3999.0,833.0,79% off,(96),DigiClues,3166.0
Aroma NB140 Captain 24 Hours* Playtime | Deep Bass | Ma...,3.7,1999.0,599.0,70% off,"(1,512)",Aroma,1400.0
LELISKO Bluetooth Truly Wireless in Ear Earbud with Mic...,,2599.0,719.0,72% off,,LELISKO,1880.0
SpinBot BattleBudz GX10 Gaming TWS Earbuds with 50ms Lo...,3.8,1999.0,1273.0,36% off,(167),SpinBot,726.0
DIGIBUDS T-37 TWS With Charging Case HQ Sound Technolog...,4,2499.0,899.0,64% off,(61),DIGIBUDS,1600.0
"Boult Audio Airbass Z35 with ZEN ENC Mic, 32H Playtime,...",4.1,2999.0,1299.0,56% off,"(8,665)",Boult,1700.0
FD1 Y80 TWS Wireless Headphones Touch Control LED Displ...,,1599.0,549.0,65% off,,FD1,1050.0
x pods M19 Earbuds 5.1 Wireless Touch Waterproof IP7X D...,,1999.0,619.0,69% off,,x,1380.0
HONEYPORT HP Workout Bluetooth Headset,3.7,3999.0,875.0,78% off,(86),HONEYPORT,3124.0
Boult Audio Airbass X50 Wireless Earphone / X50 Bluetoo...,4.1,4999.0,1499.0,70% off,"(13,568)",Boult,3500.0
HRX X-Drops 580G Bluetooth Headset,4,2999.0,1799.0,40% off,"(1,156)",HRX,1200.0
"DIZO Buds Z Pro, with Active Noise Cancellation(ANC) (b...",3.8,3999.0,2999.0,25% off,"(4,863)",DIZO,1000.0
THE PLUGGED M10 TWS Earbuds Wireless Bluetooth 5.1 Ster...,4.2,1999.0,643.0,67% off,(28),THE,1356.0
Aroma NB140 Evolve 24 Hours* Playtime | Deep Bass | Mad...,3.7,1999.0,599.0,70% off,"(1,877)",Aroma,1400.0
boAt Superman Edition with upto 15 Hours Playback Bluet...,3.8,2990.0,1599.0,46% off,(58),boAt,1391.0
LELISKO Earbuds M10 Upto 48 Hours Playtime with Power-B...,4.2,1999.0,583.0,70% off,(6),LELISKO,1416.0
STREAKIST Earbuds M90 with 2000 mAh PowerBank Technolog...,3.8,1999.0,699.0,65% off,(16),STREAKIST,1300.0
Aroma NB140 Evolve 24 Hours* Playtime | Deep Bass | Mad...,3.7,1999.0,599.0,70% off,"(1,877)",Aroma,1400.0
v chip M19 Bluetooth Headset,3.5,1499.0,649.0,56% off,(8),v,850.0
NECKTECH Premium M19 tws bluetooth 5.0 wireless Digital...,,1999.0,699.0,65% off,,NECKTECH,1300.0
NP SERIES Exclusive Edition M19 Wireless Headphone with...,3.2,2199.0,695.0,68% off,(22),NP,1504.0
"Noise Air Buds Mini with 15 Hours Playtime, Tru Bass Te...",3.9,2999.0,999.0,66% off,"(2,07,670)",Noise,2000.0
Digiwins Earbuds T20 Upto 25 Hours Playback Bluetooth H...,,3999.0,699.0,82% off,,Digiwins,3300.0
LEAF Buds X1 Bluetooth Headset,3.9,2999.0,1299.0,56% off,(106),LEAF,1700.0
GREEN BIRD in-Ear Truly Wireless Earbuds with Fast Char...,3.5,1499.0,490.0,67% off,"(3,562)",GREEN,1009.0
Tunifi F9 Earbuds Upto 48 Hours Playtime with ASAP Char...,3.8,7999.0,799.0,90% off,(414),Tunifi,7200.0
PTron Bassbuds Rush Bluetooth Gaming Headset,3.5,3199.0,1489.0,53% off,(13),PTron,1710.0
DigiClues Earbuds M28 Upto 48 Hours Playback with Power...,3.6,4999.0,933.0,81% off,(103),DigiClues,4066.0
LORANS M10 TWS Bluetooth Wireless Earbuds With 2000 mAh...,3.7,1999.0,669.0,66% off,(97),LORANS,1330.0
"Noise Air Buds Mini with 15 Hours Playtime, Tru Bass Te...",3.9,2999.0,999.0,66% off,"(2,07,670)",Noise,2000.0
"Mivi DuoPods F70 ENC with Quad Mic, 50+ Hrs Playtime| M...",4.1,2999.0,1499.0,50% off,"(38,219)",Mivi,1500.0
GREEN BIRD in-Ear Truly Wireless Earbuds with Fast Char...,3.5,1499.0,490.0,67% off,"(3,562)",GREEN,1009.0
Mivi DuoPods M20 True Wireless Bluetooth Headset,3.8,2999.0,1199.0,60% off,"(2,92,257)",Mivi,1800.0
Boult Audio AirBass GearPods with 32H Playtime Bluetoot...,3.7,5999.0,1099.0,81% off,"(1,30,230)",Boult,4900.0
HOPPUP MONOBUD with Bluetooth 5.2 and Fast Charging Blu...,3.9,1499.0,499.0,66% off,(757),HOPPUP,1000.0
"Skullcandy Grind True Wireless Earbuds, Voice Control B...",3.9,12999.0,6950.0,46% off,(15),Skullcandy,6049.0
realme Buds Air 2 with Active Noise Cancellation (ANC) ...,4.1,4999.0,3299.0,34% off,"(1,31,240)",realme,1700.0
"Boult Audio Airbass Z35 with ZEN ENC Mic, 32H Playtime,...",4.1,2999.0,1299.0,56% off,"(8,665)",Boult,1700.0
NKL 004 Pro Bluetooth Earbuds And Portable Charging Cas...,4.2,2299.0,899.0,60% off,(5),NKL,1400.0
deamflum Earbuds M11 Upto 48 Hours Playback Bluetooth H...,3.3,2999.0,689.0,77% off,(81),deamflum,2310.0
Skullcandy Indy Evo Bluetooth Headset,3.6,12999.0,5499.0,57% off,(510),Skullcandy,7500.0
Aroma NB140 Captain 24 Hours* Playtime | Deep Bass | Ma...,3.7,1999.0,599.0,70% off,"(1,512)",Aroma,1400.0
Karan Traders M10 Earbuds/TWS/buds 5.1 Earbuds with 280...,,2099.0,636.0,69% off,,Karan,1463.0
snowbudy Note 9PRO Wireless Earbuds with Support Upto 6...,,2199.0,549.0,75% off,,snowbudy,1650.0
CIHYARD CH-3 VERY POWERFUL BASS BOOSTED MINI (GREEN) AI...,3.2,2199.0,806.0,63% off,(6),CIHYARD,1393.0
"Boult Audio Airbass Z35 with ZEN ENC Mic, 32H Playtime,...",4.1,2999.0,1299.0,56% off,"(8,665)",Boult,1700.0
Jabra Elite 4 Active with Active Noise Cancellation Blu...,4.2,10999.0,6999.0,36% off,(763),Jabra,4000.0
boAt Airdopes 381 with upto 20 Hours Playback and ASAP ...,3.9,4990.0,2399.0,51% off,"(2,71,282)",boAt,2591.0
"Wings Phantom 540 Earbuds with 45 hrs Playtime, ENC Gam...",,2999.0,1299.0,56% off,,Wings,1700.0
Boult Audio Airbass X50 Wireless Earphone / X50 Bluetoo...,4.1,4999.0,1499.0,70% off,"(13,568)",Boult,3500.0
thejunni i12 Earpods Bluetooth Headset With Mic Fast ch...,,1399.0,507.0,63% off,,thejunni,892.0
Cocu BUDS A1 SURROUND SOUND WITH 30HRS PLAYTIME Bluetoo...,3.9,4999.0,1077.0,78% off,(244),Cocu,3922.0
MEETACH Exclusive M10 High-quality wireless bluetooth h...,,6999.0,699.0,90% off,,MEETACH,6300.0
Aroma NB140 Evolve 24 Hours* Playtime | Deep Bass | Mad...,3.7,1999.0,599.0,70% off,"(1,877)",Aroma,1400.0
"GOVO GOBUDS 600 True Wireless Earbuds,ENC,40H Playtime,...",3.9,3899.0,1299.0,66% off,(336),GOVO,2600.0
"UPOZA Earbuds M29 Pro with 13mm Drivers, 40Hrs Playback...",3,4999.0,759.0,84% off,(5),UPOZA,4240.0
P3A Bluetooth Pack of 2 Bluetooth Headset,3.5,1998.0,327.0,83% off,(772),P3A,1671.0
"Noise Air Buds Mini with 15 Hours Playtime, Tru Bass Te...",3.9,2999.0,999.0,66% off,"(2,07,670)",Noise,2000.0
Skullcandy Dime Truly wireless in Ear Earbuds with micr...,3.5,7499.0,2499.0,66% off,"(1,046)",Skullcandy,5000.0
Life Like F9-5 V5.1 TWS 1500 mAh Power Bank Charging Bo...,3.9,1999.0,664.0,66% off,(42),Life,1335.0
GAGANDEEP TWS i12 Bluetooth Wireless Earphone Touch Sen...,3.5,2999.0,499.0,83% off,(10),GAGANDEEP,2500.0
Aroma NB140 Evolve 24 Hours* Playtime | Deep Bass | Mad...,3.7,1999.0,599.0,70% off,"(1,877)",Aroma,1400.0
York Series M10 Earbuds BT5.1 Wireless Earbuds with 280...,4,1999.0,583.0,70% off,(3),York,1416.0
"DigiClues Gaming Pro M5 with ENC HD+ Calling, Deep Bass...",,7999.0,999.0,87% off,,DigiClues,7000.0
FINGER THREE Premium TWS I12 Twins touch sensor Bluetoo...,,2699.0,474.0,82% off,,FINGER,2225.0
Tunifi F9 Earbuds Upto 48 Hours Playtime with ASAP Char...,3.8,7999.0,799.0,90% off,(414),Tunifi,7200.0
Life Zest 3d touch sesnsor and charging with latest fea...,,3266.0,522.0,84% off,,Life,2744.0
HOPPUP SYNC with Bluetooth 5.1 & Type C Fast Charging B...,3.9,1499.0,699.0,53% off,"(10,535)",HOPPUP,800.0
Portronics HARMONICS RWINS S3 Smart TWS Bluetooth 5.2 E...,3.9,1999.0,1299.0,35% off,(14),Portronics,700.0
"Noise Air Buds Mini with 15 Hours Playtime, Tru Bass Te...",3.9,2999.0,999.0,66% off,"(2,07,670)",Noise,2000.0
NKL 004 Pro Bluetooth Earbuds And Portable Charging Cas...,4.2,2299.0,899.0,60% off,(5),NKL,1400.0
deamflum Earbuds M11 Upto 48 Hours Playback Bluetooth H...,3.3,2999.0,689.0,77% off,(81),deamflum,2310.0
flying india Premium TWS L21 True HIFI Bluetooth Earbud...,,2199.0,450.0,79% off,,flying,1749.0
MI-STS Wireless Sensor Earbud Touch With Charging Case ...,3.4,1499.0,649.0,56% off,"(1,897)",MI-STS,850.0
Karan Traders M10 Earbuds/TWS/buds 5.1 Earbuds with 280...,,2099.0,636.0,69% off,,Karan,1463.0
thejunni i12 Earpods Bluetooth Headset With Mic Fast ch...,,1399.0,507.0,63% off,,thejunni,892.0
Cocu BUDS A1 SURROUND SOUND WITH 30HRS PLAYTIME Bluetoo...,3.9,4999.0,1077.0,78% off,(244),Cocu,3922.0
"Wings Phantom 540 Earbuds with 45 hrs Playtime, ENC Gam...",,2999.0,1299.0,56% off,,Wings,1700.0
MEETACH Exclusive M10 High-quality wireless bluetooth h...,,6999.0,699.0,90% off,,MEETACH,6300.0
boAt Airdopes 381 with upto 20 Hours Playback and ASAP ...,3.9,4990.0,2399.0,51% off,"(2,71,282)",boAt,2591.0
Skullcandy Dime 2 Bluetooth Headset,3.4,7999.0,2599.0,67% off,(240),Skullcandy,5400.0
"JBL Wave 200 TWS, 20Hr Playback,Deep Bass,Dual Connect,...",3.7,5999.0,2399.0,60% off,"(1,353)",JBL,3600.0
Jabra Elite 4 Active with Active Noise Cancellation Blu...,4.2,10999.0,6999.0,36% off,(763),Jabra,4000.0
CIHYARD CH-3 VERY POWERFUL BASS BOOSTED MINI (GREEN) AI...,3.2,2199.0,806.0,63% off,(6),CIHYARD,1393.0
GAGANDEEP TWS i12 Bluetooth Wireless Earphone Touch Sen...,3.5,2999.0,499.0,83% off,(10),GAGANDEEP,2500.0
P3A Bluetooth Pack of 2 Bluetooth Headset,3.5,1998.0,327.0,83% off,(772),P3A,1671.0
Skullcandy Dime Truly wireless in Ear Earbuds with micr...,3.5,7499.0,2499.0,66% off,"(1,046)",Skullcandy,5000.0
Basssy Earbuds Mini Truly Wireless Earbuds Bluetooth He...,,1100.0,550.0,50% off,,Basssy,550.0
Life Like F9-5 V5.1 TWS 1500 mAh Power Bank Charging Bo...,3.9,1999.0,664.0,66% off,(42),Life,1335.0
FINGER THREE Premium TWS I12 Twins touch sensor Bluetoo...,,2699.0,474.0,82% off,,FINGER,2225.0
Accruma TWSI7 Wireless Twins Lite Weight Portable Wirel...,2.9,899.0,373.0,58% off,(8),Accruma,526.0
DIZO Buds Z Power with 30h Total Playtime & 10mm Dynami...,3.5,3499.0,1999.0,42% off,(94),DIZO,1500.0
York Series M10 Earbuds BT5.1 Wireless Earbuds with 280...,4,1999.0,583.0,70% off,(3),York,1416.0
"DigiClues Gaming Pro M5 with ENC HD+ Calling, Deep Bass...",,7999.0,999.0,87% off,,DigiClues,7000.0
LELISKO TWS Earbud with Touch IPX4 Sweat & Splash Proof...,3.9,2099.0,599.0,71% off,(36),LELISKO,1500.0
Life Zest 3d touch sesnsor and charging with latest fea...,,3266.0,522.0,84% off,,Life,2744.0
HOPPUP SYNC with Bluetooth 5.1 & Type C Fast Charging B...,3.9,1499.0,699.0,53% off,"(10,535)",HOPPUP,800.0
MR ROBOT K1 Wireless Bluetoth Single Ear Headset Earbud...,,999.0,219.0,78% off,,MR,780.0
"Noise Air Buds 2 with 40 Hours Playtime, 13mm Driver, Q...",4,4999.0,1899.0,62% off,(875),Noise,3100.0
Digiwins Earbuds M28 Upto 48 Hours Playback with Power-...,3.3,4999.0,949.0,81% off,(3),Digiwins,4050.0
DigiClues Earbuds L21 Bluetooth Headset,3.9,3999.0,645.0,83% off,(58),DigiClues,3354.0
GIIG Bluetooth v5.2Headset.Its time to take your with ...,,3390.0,880.0,74% off,,GIIG,2510.0
UPOZA Gaming K79 boat Earbuds/TWs/buds 5.1 Earbuds with...,4.4,7999.0,1299.0,83% off,(23),UPOZA,6700.0
SHOPLINE i12 tws earpods Bluetooth Headset Bluetooth He...,,999.0,429.0,57% off,,SHOPLINE,570.0
NECKTECH Exclusive Earbuds F9 Wireless with Power Bank ...,,1999.0,664.0,66% off,,NECKTECH,1335.0
"Microflash (2000mah) Voice Assistance, Led Display & To...",4,2499.0,719.0,71% off,"(1,305)",Microflash,1780.0
exotech Earpods pro 3 black tws premium Bluetooth Heads...,3.8,1899.0,520.0,72% off,(48),exotech,1379.0
DigiClues Earbuds M30 with Power-Bank Bluetooth Headset,3.7,4999.0,810.0,83% off,(25),DigiClues,4189.0
Ethnix Earbuds S1 Pro+ with 13mm Drivers Upto40HrsPlayb...,4,4999.0,1519.0,69% off,(21),Ethnix,3480.0
exotech Pro 3 tws earpod Bluetooth Headset,4.1,1499.0,510.0,65% off,(23),exotech,989.0
HOPPUP SYNC with Bluetooth 5.1 & Type C Fast Charging B...,3.9,1499.0,699.0,53% off,"(10,535)",HOPPUP,800.0
"Makzee SUPER BLASTER MAKE IN INDIA 40hrs Playtime, Late...",4.3,1499.0,699.0,53% off,(59),Makzee,800.0
blue seed BBD-S19 True wireless Portable Bluetooth Head...,3.7,1599.0,539.0,66% off,"(26,525)",blue,1060.0
ASTOUND D25-T2 True Wireless Bluetooth Headset Bluetoot...,,2499.0,1186.0,52% off,,ASTOUND,1313.0
PHILIPS TAT2206BK True Wireless (TWS Earbuds) with IPX4...,3.6,6999.0,2469.0,64% off,(708),PHILIPS,4530.0
flying india New Edition TWS M19 Gaming Earbuds Bluetoo...,,2199.0,569.0,74% off,,flying,1630.0
delphine Tws Air 2 Bluetooth Headset,3.7,1999.0,599.0,70% off,(14),delphine,1400.0
"boAt Airdopes 393ANC with Hybrid ANC, Quad Mics ENx & 3...",3.7,4990.0,2999.0,39% off,(596),boAt,1991.0
CARRON CH-9 Pull Fire - 48 Hours Playtime Bluetooth Hea...,3.8,1999.0,499.0,75% off,(16),CARRON,1500.0
Varni Airgo TWS Earbuds with 12H Playtime Bluetooth Hea...,3.5,2999.0,999.0,66% off,(198),Varni,2000.0
crezz N21 Bluetooth5.1 Pull Headset Waterproof yes In-E...,,1999.0,899.0,55% off,,crezz,1100.0
Worricow HD Bass Wireless Bluetooth Neckband Earbud Hea...,,1299.0,499.0,61% off,,Worricow,800.0
"Motile I7S TWS Truly Wireless Bluetooth Buds, Both Side...",3,999.0,399.0,60% off,(6),Motile,600.0
flying india Premium TWS L21 True HIFI Bluetooth Earbud...,,2199.0,474.0,78% off,,flying,1725.0
DigiClues Earbuds M90 Pro with Power-Bank Bluetooth Hea...,4.4,4999.0,825.0,83% off,(17),DigiClues,4174.0
x pulse M10 Earbuds/ipod/buds 5.1 Earbuds with 280H Pla...,,1499.0,599.0,60% off,,x,900.0
GadgetX i7 Twins (Dual L/R) True Wireless Earbuds Mini ...,3.3,999.0,399.0,60% off,(145),GadgetX,600.0
MOOZMOB Latest Version B11 Neckband Bluetooth Neckband ...,3.4,1499.0,296.0,80% off,(112),MOOZMOB,1203.0
Pailor L-21 BLUETOOTH HEADPHONE Bluetooth Headset,3.1,1999.0,499.0,75% off,(7),Pailor,1500.0
"Home Story AIRYPOD TWS EARBUDS, Bass+ 20 H Playtime & F...",3.5,1499.0,549.0,63% off,(27),Home,950.0
GENTLEMOB Latest Ninja xpods Tws 5.0 True wireless earb...,3.8,1999.0,640.0,67% off,(5),GENTLEMOB,1359.0
"LELISKO F9 with 13mm Drivers, 48Hrs Playback, ENC Techn...",3.5,4999.0,587.0,88% off,(11),LELISKO,4412.0
myxes M19 Tws Ecouteur Headsets Earphones Wireless Earb...,3.8,1999.0,699.0,65% off,"(1,533)",myxes,1300.0
myxes F9 Wireless Earbuds Premium Quality Noise Reducti...,,1999.0,649.0,67% off,,myxes,1350.0
"Home Story AIRYPOD TWS EARBUDS, Bass+ 20 H Playtime & F...",3.6,1499.0,569.0,62% off,"(3,587)",Home,930.0
"Kabeer enterprises B235 with ASAP Charge, 10mm Drivers ...",2.6,2999.0,499.0,83% off,(5),Kabeer,2500.0
Skullcandy Dime 2 Bluetooth Headset,3.4,7999.0,2699.0,66% off,(240),Skullcandy,5300.0
flying india Premium TWS M90 with PowerBank Gaming Earb...,3.7,2199.0,631.0,71% off,(51),flying,1568.0
MR ROBOT K1 Wireless Bluetoth Single Ear Headset Earbud...,,999.0,219.0,78% off,,MR,780.0
GREE MATT Wireless Earbuds with Power Bank M10 Earbuds ...,,2599.0,599.0,76% off,,GREE,2000.0
GENTLEMOB Earbuds/Tws/xpods Pro 3 M10 true wireless Ear...,3.8,1499.0,589.0,60% off,(8),GENTLEMOB,910.0
LIVEBEAT TWS GAMING + LISTNING DUAL MODE EARBUDS BLACK ...,3.8,1499.0,999.0,33% off,(526),LIVEBEAT,500.0
DIGIBUDS Earbuds L21 with ASAP Charge Bluetooth Headset,3.5,2499.0,699.0,72% off,(143),DIGIBUDS,1800.0
JAMMY ZONES Premium M19 tws bluetooth 5.0 wireless Digi...,4,1999.0,683.0,65% off,(19),JAMMY,1316.0
Aroma NB136B Launcher Gaming Earbuds Bluetooth Gaming H...,3.8,2799.0,729.0,73% off,(505),Aroma,2070.0
Syska SonicBuds X3 Bluetooth Headset,3.8,3999.0,1099.0,72% off,(144),Syska,2900.0
Skullcandy Indy Evo Bluetooth Headset,3.6,12999.0,6499.0,50% off,(510),Skullcandy,6500.0
"CrossBeats New Opera Earbuds with 60hours playtime, 13m...",3.6,5999.0,2499.0,58% off,(21),CrossBeats,3500.0
"JBL Live Pro 2, Active Adaptive Noise Cancellation, 40H...",4.3,16999.0,13999.0,17% off,(136),JBL,3000.0
HRX X-Drops 440G Bluetooth Headset,3.9,2999.0,1499.0,50% off,"(2,941)",HRX,1500.0
TRUETAG F9 Wireless Fingerprint Touch Headphones Hifi S...,,3999.0,689.0,82% off,,TRUETAG,3310.0
TecSox Electra Wireless Earbuds| IPX| 40hrs Best Low La...,3.6,4999.0,1499.0,70% off,(8),TecSox,3500.0
Raman Sales M19 / M90 / M10 / Bluetooth 5.0 Wireless Ea...,,2299.0,685.0,70% off,,Raman,1614.0
Boult Audio AirBass GearPods with 32H Playtime Bluetoot...,3.7,5999.0,1099.0,81% off,"(1,30,230)",Boult,4900.0
Jabra Talk 65 Bluetooth Headset,4.1,6999.0,5998.0,14% off,(34),Jabra,1001.0
BHAVISHU i7 TWS Ear Buds Wireless Bluetooth Headset Ear...,3.5,1999.0,375.0,81% off,(235),BHAVISHU,1624.0
Motile Bluetooth Earphone with Mic HEADPHONE Bluetooth ...,,999.0,399.0,60% off,,Motile,600.0
"Boult Audio Airbass Z35 with ZEN ENC Mic, 32H Playtime,...",4.1,2999.0,1299.0,56% off,"(8,665)",Boult,1700.0
Earboss L21 Earbuds/ipod/ buds/Airdopes 5.0 Bluetooth H...,3.8,1999.0,599.0,70% off,(121),Earboss,1400.0
Sennheiser CX True Wireless Earbuds for Music & calls w...,4.8,10990.0,8990.0,18% off,(8),Sennheiser,2000.0
"ultiads 40 Hours Playtime with Crystal Sound, Noise Can...",,5999.0,1334.0,77% off,,ultiads,4665.0
Aroma NB140 Captain 24 Hours* Playtime | Deep Bass | Ma...,3.7,1999.0,599.0,70% off,"(1,512)",Aroma,1400.0
"truke BTG Alpha Earbuds with Game Mode, 38H Playtime, 7...",3.9,2499.0,1299.0,48% off,"(15,458)",truke,1200.0
Candytech AirCamo Pro Bluetooth Headset,4.3,2799.0,1499.0,46% off,(6),Candytech,1300.0
Motile Bluetooth Earphone with Mic HEADPHONE Bluetooth ...,,999.0,399.0,60% off,,Motile,600.0
"Boult Audio Airbass Z35 with ZEN ENC Mic, 32H Playtime,...",4.1,2999.0,1299.0,56% off,"(8,665)",Boult,1700.0
TECHFIRE AF_1 L21TWS Bluetooth 5.0 Earphones Wireless B...,3.7,1399.0,599.0,57% off,"(2,217)",TECHFIRE,800.0
"TRUETAG M10 EARBUDS, IPX7 Waterproof, 2200mAh Battery &...",,1999.0,699.0,65% off,,TRUETAG,1300.0
Adone Earbuds Ear Buds Wireless Ear Pods Ear Buds Bluet...,3.4,2599.0,519.0,80% off,(8),Adone,2080.0
Boult Audio Airbass X50 Wireless Earphone / X50 Bluetoo...,4.1,4999.0,1499.0,70% off,"(13,568)",Boult,3500.0
GREE MATT M10 TWS 2200 mAh Power Bank Charging Box EarB...,4.4,5999.0,619.0,89% off,(5),GREE,5380.0
namo sales M10 IN EAR TWS BLUETOOTH TOUCH Bluetooth Hea...,,2299.0,499.0,78% off,,namo,1800.0
"DigiClues P47 Wireless Sports Headphones with Mic, Ster...",3,1999.0,569.0,71% off,(4),DigiClues,1430.0
Aroma NB140 Evolve 24 Hours* Playtime | Deep Bass | Mad...,3.7,1999.0,599.0,70% off,"(1,877)",Aroma,1400.0
ashron i12 tws Bluetooth headset Bluetooth Headset,3.7,1499.0,426.0,71% off,(35),ashron,1073.0
BHAVISHU i7s Truly Wireless Bluetooth in Ear Earbuds wi...,3.4,1299.0,375.0,71% off,(19),BHAVISHU,924.0
SYARA YWM_450P__ TWS _21 Earbuds Bluetooth Headset Blue...,,1599.0,579.0,63% off,,SYARA,1020.0
Aroma NB140 Evolve 24 Hours* Playtime | Deep Bass | Mad...,3.7,1999.0,599.0,70% off,"(1,877)",Aroma,1400.0
"JBL Wave Beam TWS, 32Hr Playtime, IP54, Smart Ambient &...",3.8,4999.0,4299.0,14% off,(122),JBL,700.0
TimbreSonic Pod Pro True Wireless Gaming Earbuds Blueto...,4.2,3699.0,1169.0,68% off,(50),TimbreSonic,2530.0
"truke BTG3 Earbuds with Game Mode, 48H Playtime, ENC, 5...",3.8,2999.0,1299.0,56% off,"(18,919)",truke,1700.0
"Noise Air Buds Mini with 15 Hours Playtime, Tru Bass Te...",3.9,2999.0,999.0,66% off,"(2,07,670)",Noise,2000.0
Jabra Elite 4 Active with Active Noise Cancellation Blu...,4.2,10999.0,6999.0,36% off,(763),Jabra,4000.0
"Usmart ProBassBuds Bluetooth TWS Wireless Low Latency,C...",3.6,4999.0,530.0,89% off,(292),Usmart,4469.0
TRUETAG Earbuds M19 PRO with Power Bank Upto 150 Hours ...,2.8,4999.0,789.0,84% off,(12),TRUETAG,4210.0
Tunifi F9 Earbuds Upto 48 Hours Playtime with ASAP Char...,3.8,7999.0,799.0,90% off,(414),Tunifi,7200.0
"DIZO Buds Z Pro, with Active Noise Cancellation(ANC) (b...",3.8,3999.0,2999.0,25% off,"(4,863)",DIZO,1000.0
LEAF Dots 2 Bluetooth Headset,4.1,2999.0,1499.0,50% off,(99),LEAF,1500.0
"boAt Airdopes 115 with ENx & Beast Mode, upto 24 Hrs Pl...",4,2990.0,1599.0,46% off,"(28,241)",boAt,1391.0
"Noise Air Buds Mini with 15 Hours Playtime, Tru Bass Te...",3.9,2999.0,999.0,66% off,"(2,07,670)",Noise,2000.0
Life Like M10 TWS 1200 mAh Power Bank Charging Box EarB...,3.8,2499.0,675.0,72% off,"(2,206)",Life,1824.0
Microflash Air Buds-D79 Upto 30Hrs Playback 13mm Driver...,3.7,2499.0,810.0,67% off,(71),Microflash,1689.0
ISYSGO Wireless Earphones High Quality Tws Earbuds Ster...,,1880.0,828.0,55% off,,ISYSGO,1052.0
Boult Audio AirBass GearPods with 32H Playtime Bluetoot...,3.7,5999.0,1099.0,81% off,"(1,30,230)",Boult,4900.0
Shubham Agency Earbuds M19 TWS 5.1 LED Digital Display ...,4,2199.0,610.0,72% off,(133),Shubham,1589.0
DigiClues Earbuds M19 with Power-Bank Bluetooth Headset,3.3,4999.0,854.0,82% off,(19),DigiClues,4145.0
NKL Smooth LED Display EarBuds Wireless Bluetooth With ...,,2199.0,799.0,63% off,,NKL,1400.0
"Boult Audio Airbass Z35 with ZEN ENC Mic, 32H Playtime,...",4.1,2999.0,1299.0,56% off,"(8,665)",Boult,1700.0
HOCO EW04 Wireless Bluetooth 5.1 Earphone with Charging...,,3595.0,3099.0,13% off,,HOCO,496.0
"Usmart AirJams Gamex Pro with ENC HD+ Calling, Deep Bas...",4.7,1499.0,999.0,33% off,(3),Usmart,500.0
CIHYARD CH-2 VERY POWERFUL BASS BOOSTED MINI (BLUE) AIR...,3.7,2399.0,806.0,66% off,(110),CIHYARD,1593.0
Aroma NB140 Captain 24 Hours* Playtime | Deep Bass | Ma...,3.7,1999.0,599.0,70% off,"(1,512)",Aroma,1400.0
Kuchu i12 Earpods Bluetooth Wireless Earbuds Bluetooth ...,3.7,895.0,426.0,52% off,(855),Kuchu,469.0
Accruma TWSI7 Wireless Twins Lite Weight Portable Wirel...,,899.0,387.0,56% off,,Accruma,512.0
CRISPLN N21 Bluetooth 5.2 Earphone Waterproof Wireless ...,,1999.0,799.0,60% off,,CRISPLN,1200.0
"Boult Audio Airbass Z35 with ZEN ENC Mic, 32H Playtime,...",4.1,2999.0,1299.0,56% off,"(8,665)",Boult,1700.0
TRUETAG Headphone Earbuds M90 PRO with Power Bank Upto ...,5,4999.0,799.0,84% off,(3),TRUETAG,4200.0
STREAKIST M19 Wireless Touch Control Digital Display Ea...,,1899.0,699.0,63% off,,STREAKIST,1200.0
KIMTOK True Wireless Bluetooth 5.1 in Ear Earbuds with ...,5,1999.0,999.0,50% off,(8),KIMTOK,1000.0
Boult Audio Airbass X50 Wireless Earphone / X50 Bluetoo...,4.1,4999.0,1499.0,70% off,"(13,568)",Boult,3500.0
Tecno Minipod M1 Bluetooth Headset,3.8,1599.0,699.0,56% off,(20),Tecno,900.0
THE PLUGGED M10 TWS Earbuds Wireless Bluetooth 5.1 Ster...,4.2,1999.0,643.0,67% off,(28),THE,1356.0
NP SERIES New Edition TWS M19 Gaming Earbuds Bluetooth5...,,2199.0,689.0,68% off,,NP,1510.0
Aroma NB140 Evolve 24 Hours* Playtime | Deep Bass | Mad...,3.7,1999.0,599.0,70% off,"(1,877)",Aroma,1400.0
FIT FOREST GRACEFULLY CRAFTED M19 Headsets Earphones Wi...,,1299.0,725.0,44% off,,FIT,574.0
realme Buds Air 2 with Active Noise Cancellation (ANC) ...,4.1,4999.0,3299.0,34% off,"(1,31,240)",realme,1700.0
Accruma TWSI7 Wireless Twins Lite Weight Portable Wirel...,3,899.0,384.0,57% off,(20),Accruma,515.0
"Noise Air Buds Mini with 15 Hours Playtime, Tru Bass Te...",3.9,2999.0,999.0,66% off,"(2,07,670)",Noise,2000.0
TRUETAG New-BBD-L21 TWS Wireless Earphones Bluetooth He...,,1499.0,649.0,56% off,,TRUETAG,850.0
"SAULT Airplugs 2X Waterproof IP57, 13mm driver immersiv...",3.9,2999.0,1299.0,56% off,(15),SAULT,1700.0
Raman Sales Exclusive edition TWS M19 Wireless Bluetoot...,3.8,2799.0,699.0,75% off,(5),Raman,2100.0
Aroma NB140 Evolve 24 Hours* Playtime | Deep Bass | Mad...,3.7,1999.0,599.0,70% off,"(1,877)",Aroma,1400.0
CRISPLN Premium TWS L21 True HIFI Bluetooth Earbuds Wir...,,1999.0,464.0,76% off,,CRISPLN,1535.0
Accruma Exclusive Edition M19 Wireless Headphone with P...,,1999.0,687.0,65% off,,Accruma,1312.0
Ucool SoulPods 50 Hours Playtime Gaming Bluetooth ENC T...,4,3499.0,799.0,77% off,"(2,975)",Ucool,2700.0
Tunifi F9 Earbuds Upto 48 Hours Playtime with ASAP Char...,3.8,7999.0,799.0,90% off,(414),Tunifi,7200.0
Hammer KO 2.0 Truly Wireless Earbuds Bluetooth Headset,3.9,9999.0,2399.0,76% off,(300),Hammer,7600.0
Tunifi Earbuds T-2 Upto 48 Hours Playback with ASAP Cha...,3.6,4499.0,799.0,82% off,(34),Tunifi,3700.0
"UPOZA Earbuds Gaming TWS with 10mm Drivers, 40Hrs Playb...",3.2,7999.0,749.0,90% off,(218),UPOZA,7250.0
"Noise Air Buds Mini with 15 Hours Playtime, Tru Bass Te...",3.9,2999.0,999.0,66% off,"(2,07,670)",Noise,2000.0
